audio_id,trip_id,timestamp,elapsed_seconds,audio_level_db,audio_classification,sustained_duration_sec,stress_audio_event
AUD064,TRIP001,2024-02-06 06:04:52,292.0,88.0,argument,112,True
AUD204,TRIP001,2024-02-06 06:08:55,535.0,91.0,conversation,0,False
AUD189,TRIP001,2024-02-06 06:10:11,611.0,86.0,very_loud,27,True
AUD156,TRIP001,2024-02-06 06:15:03,903.0,70.0,loud,0,False
AUD149,TRIP001,2024-02-06 06:20:22,1222.0,80.0,conversation,0,False
AUD072,TRIP001,2024-02-06 06:25:06,1506.0,61.0,loud,0,False
AUD001,TRIP001,2024-02-06 06:45:00,0.0,52.0,quiet,0,False
AUD002,TRIP001,2024-02-06 06:46:00,60.0,55.0,normal,0,False
AUD003,TRIP001,2024-02-06 06:50:00,300.0,58.0,normal,0,False
AUD004,TRIP001,2024-02-06 06:55:00,600.0,54.0,normal,0,False
AUD005,TRIP001,2024-02-06 07:00:00,900.0,56.0,normal,0,False
AUD006,TRIP001,2024-02-06 07:02:00,1020.0,59.0,normal,0,False
AUD065,TRIP002,2024-02-06 06:04:18,258.0,54.0,normal,0,False
AUD139,TRIP002,2024-02-06 06:04:40,280.0,95.0,conversation,0,False
AUD241,TRIP002,2024-02-06 06:27:37,1657.0,92.0,loud,0,False
AUD007,TRIP002,2024-02-06 07:15:00,0.0,51.0,quiet,0,False
AUD008,TRIP002,2024-02-06 07:16:00,60.0,62.0,conversation,0,False
AUD009,TRIP002,2024-02-06 07:18:00,180.0,68.0,conversation,0,False
AUD010,TRIP002,2024-02-06 07:20:00,300.0,72.0,loud,0,False
AUD011,TRIP002,2024-02-06 07:22:00,420.0,88.0,very_loud,30,True
AUD012,TRIP002,2024-02-06 07:22:30,450.0,92.0,very_loud,60,True
AUD013,TRIP002,2024-02-06 07:23:00,480.0,95.0,argument,90,True
AUD014,TRIP002,2024-02-06 07:23:30,510.0,94.0,argument,120,True
AUD015,TRIP002,2024-02-06 07:24:00,540.0,89.0,very_loud,150,True
AUD016,TRIP002,2024-02-06 07:24:30,570.0,82.0,loud,0,False
AUD017,TRIP002,2024-02-06 07:25:00,600.0,75.0,loud,0,False
AUD018,TRIP002,2024-02-06 07:26:00,660.0,68.0,conversation,0,False
AUD019,TRIP002,2024-02-06 07:30:00,900.0,61.0,conversation,0,False
AUD020,TRIP002,2024-02-06 07:35:00,1200.0,58.0,normal,0,False
AUD103,TRIP003,2024-02-06 06:01:33,93.0,91.0,very_loud,67,True
AUD087,TRIP003,2024-02-06 06:10:33,633.0,75.0,argument,122,True
AUD057,TRIP003,2024-02-06 06:11:11,671.0,92.0,conversation,0,False
AUD199,TRIP003,2024-02-06 06:13:40,820.0,92.0,quiet,0,False
AUD055,TRIP003,2024-02-06 06:14:41,881.0,88.0,normal,0,False
AUD099,TRIP003,2024-02-06 06:17:09,1029.0,91.0,normal,0,False
AUD216,TRIP003,2024-02-06 06:19:15,1155.0,57.0,quiet,0,False
AUD062,TRIP003,2024-02-06 06:22:54,1374.0,90.0,loud,0,False
AUD078,TRIP003,2024-02-06 06:27:39,1659.0,93.0,conversation,0,False
AUD021,TRIP003,2024-02-06 07:52:00,0.0,53.0,quiet,0,False
AUD022,TRIP003,2024-02-06 07:55:00,180.0,57.0,normal,0,False
AUD023,TRIP003,2024-02-06 08:00:00,480.0,59.0,normal,0,False
AUD024,TRIP003,2024-02-06 08:05:00,780.0,61.0,conversation,0,False
AUD025,TRIP003,2024-02-06 08:10:00,1080.0,58.0,normal,0,False
AUD026,TRIP003,2024-02-06 08:14:00,1320.0,56.0,normal,0,False
AUD083,TRIP004,2024-02-06 06:06:51,411.0,58.0,normal,0,False
AUD116,TRIP004,2024-02-06 06:09:07,547.0,78.0,normal,0,False
AUD115,TRIP004,2024-02-06 06:10:53,653.0,65.0,loud,0,False
AUD179,TRIP004,2024-02-06 06:14:06,846.0,71.0,argument,120,True
AUD220,TRIP004,2024-02-06 06:23:13,1393.0,63.0,argument,149,True
AUD180,TRIP004,2024-02-06 06:23:15,1395.0,58.0,quiet,0,False
AUD117,TRIP005,2024-02-06 06:03:18,198.0,53.0,conversation,0,False
AUD135,TRIP005,2024-02-06 06:03:18,198.0,75.0,conversation,0,False
AUD089,TRIP005,2024-02-06 06:10:49,649.0,91.0,quiet,0,False
AUD157,TRIP005,2024-02-06 06:14:05,845.0,94.0,normal,0,False
AUD210,TRIP005,2024-02-06 06:16:19,979.0,59.0,loud,0,False
AUD141,TRIP005,2024-02-06 06:20:41,1241.0,82.0,normal,0,False
AUD098,TRIP005,2024-02-06 06:21:20,1280.0,69.0,very_loud,136,True
AUD234,TRIP005,2024-02-06 06:22:18,1338.0,72.0,quiet,0,False
AUD114,TRIP005,2024-02-06 06:25:57,1557.0,73.0,very_loud,143,True
AUD091,TRIP005,2024-02-06 06:29:58,1798.0,85.0,argument,150,True
AUD200,TRIP006,2024-02-06 06:04:47,287.0,80.0,conversation,0,False
AUD095,TRIP006,2024-02-06 06:11:00,660.0,95.0,normal,0,False
AUD110,TRIP006,2024-02-06 06:15:00,900.0,76.0,loud,0,False
AUD152,TRIP006,2024-02-06 06:17:53,1073.0,90.0,argument,158,True
AUD235,TRIP006,2024-02-06 06:18:20,1100.0,75.0,very_loud,32,True
AUD197,TRIP006,2024-02-06 06:20:51,1251.0,90.0,loud,0,False
AUD059,TRIP006,2024-02-06 06:23:32,1412.0,78.0,conversation,0,False
AUD194,TRIP006,2024-02-06 06:24:57,1497.0,79.0,argument,65,True
AUD188,TRIP006,2024-02-06 06:25:33,1533.0,68.0,quiet,0,False
AUD092,TRIP006,2024-02-06 06:26:12,1572.0,58.0,loud,0,False
AUD243,TRIP007,2024-02-06 06:02:17,137.0,56.0,very_loud,8,True
AUD076,TRIP007,2024-02-06 06:04:11,251.0,58.0,quiet,0,False
AUD166,TRIP007,2024-02-06 06:08:24,504.0,67.0,very_loud,76,True
AUD075,TRIP007,2024-02-06 06:20:53,1253.0,68.0,argument,125,True
AUD121,TRIP007,2024-02-06 06:26:02,1562.0,60.0,loud,0,False
AUD177,TRIP008,2024-02-06 06:08:16,496.0,53.0,argument,135,True
AUD167,TRIP008,2024-02-06 06:10:09,609.0,68.0,argument,53,True
AUD239,TRIP008,2024-02-06 06:15:43,943.0,72.0,normal,0,False
AUD185,TRIP008,2024-02-06 06:18:15,1095.0,97.0,argument,9,True
AUD178,TRIP008,2024-02-06 06:21:46,1306.0,64.0,quiet,0,False
AUD245,TRIP008,2024-02-06 06:25:16,1516.0,52.0,loud,0,False
AUD119,TRIP008,2024-02-06 06:29:32,1772.0,60.0,conversation,0,False
AUD027,TRIP008,2024-02-06 17:30:00,0.0,54.0,quiet,0,False
AUD028,TRIP008,2024-02-06 17:35:00,300.0,64.0,conversation,0,False
AUD029,TRIP008,2024-02-06 17:40:00,600.0,66.0,conversation,0,False
AUD030,TRIP008,2024-02-06 17:45:00,900.0,62.0,conversation,0,False
AUD031,TRIP008,2024-02-06 17:50:00,1200.0,59.0,normal,0,False
AUD032,TRIP008,2024-02-06 17:55:00,1500.0,57.0,normal,0,False
AUD049,TRIP009,2024-02-06 06:04:14,254.0,73.0,loud,0,False
AUD176,TRIP009,2024-02-06 06:04:41,281.0,56.0,very_loud,150,True
AUD240,TRIP009,2024-02-06 06:06:26,386.0,96.0,quiet,0,False
AUD193,TRIP009,2024-02-06 06:06:34,394.0,57.0,conversation,0,False
AUD097,TRIP009,2024-02-06 06:06:42,402.0,90.0,very_loud,70,True
AUD074,TRIP009,2024-02-06 06:26:27,1587.0,66.0,argument,114,True
AUD172,TRIP010,2024-02-06 06:01:26,86.0,68.0,argument,20,True
AUD170,TRIP010,2024-02-06 06:04:09,249.0,86.0,argument,139,True
AUD230,TRIP010,2024-02-06 06:13:57,837.0,61.0,normal,0,False
AUD058,TRIP010,2024-02-06 06:15:13,913.0,88.0,argument,109,True
AUD109,TRIP010,2024-02-06 06:15:28,928.0,54.0,argument,15,True
AUD237,TRIP010,2024-02-06 06:15:48,948.0,93.0,argument,139,True
AUD126,TRIP010,2024-02-06 06:16:53,1013.0,88.0,argument,172,True
AUD033,TRIP010,2024-02-06 19:05:00,0.0,52.0,quiet,0,False
AUD034,TRIP010,2024-02-06 19:08:00,180.0,65.0,conversation,0,False
AUD035,TRIP010,2024-02-06 19:12:00,420.0,70.0,conversation,0,False
AUD036,TRIP010,2024-02-06 19:16:00,660.0,74.0,loud,0,False
AUD037,TRIP010,2024-02-06 19:20:00,900.0,78.0,loud,0,False
AUD038,TRIP010,2024-02-06 19:22:00,1020.0,86.0,very_loud,30,True
AUD039,TRIP010,2024-02-06 19:22:30,1050.0,91.0,very_loud,60,True
AUD040,TRIP010,2024-02-06 19:23:00,1080.0,94.0,argument,90,True
AUD041,TRIP010,2024-02-06 19:23:30,1110.0,96.0,argument,120,True
AUD042,TRIP010,2024-02-06 19:24:00,1140.0,93.0,very_loud,150,True
AUD043,TRIP010,2024-02-06 19:24:30,1170.0,87.0,very_loud,180,True
AUD044,TRIP010,2024-02-06 19:25:00,1200.0,81.0,loud,0,False
AUD045,TRIP010,2024-02-06 19:26:00,1260.0,73.0,loud,0,False
AUD046,TRIP010,2024-02-06 19:28:00,1380.0,66.0,conversation,0,False
AUD047,TRIP010,2024-02-06 19:32:00,1620.0,58.0,normal,0,False
AUD183,TRIP011,2024-02-06 06:09:44,584.0,91.0,quiet,0,False
AUD203,TRIP011,2024-02-06 06:10:18,618.0,87.0,argument,146,True
AUD142,TRIP011,2024-02-06 06:20:55,1255.0,70.0,normal,0,False
AUD147,TRIP011,2024-02-06 06:22:59,1379.0,57.0,loud,0,False
AUD219,TRIP011,2024-02-06 06:29:09,1749.0,83.0,loud,0,False
AUD112,TRIP011,2024-02-06 06:29:24,1764.0,95.0,conversation,0,False
AUD232,TRIP012,2024-02-06 06:13:03,783.0,78.0,loud,0,False
AUD173,TRIP012,2024-02-06 06:15:05,905.0,91.0,conversation,0,False
AUD063,TRIP012,2024-02-06 06:17:30,1050.0,97.0,argument,40,True
AUD096,TRIP012,2024-02-06 06:17:42,1062.0,68.0,quiet,0,False
AUD132,TRIP012,2024-02-06 06:18:53,1133.0,68.0,quiet,0,False
AUD209,TRIP012,2024-02-06 06:20:58,1258.0,64.0,normal,0,False
AUD228,TRIP012,2024-02-06 06:23:54,1434.0,54.0,very_loud,15,True
AUD048,TRIP012,2024-02-06 06:29:25,1765.0,53.0,argument,84,True
AUD131,TRIP013,2024-02-06 06:01:44,104.0,86.0,very_loud,49,True
AUD233,TRIP013,2024-02-06 06:02:44,164.0,93.0,argument,138,True
AUD202,TRIP013,2024-02-06 06:08:02,482.0,78.0,conversation,0,False
AUD171,TRIP013,2024-02-06 06:13:28,808.0,72.0,normal,0,False
AUD138,TRIP013,2024-02-06 06:17:04,1024.0,52.0,quiet,0,False
AUD133,TRIP013,2024-02-06 06:17:12,1032.0,78.0,very_loud,71,True
AUD067,TRIP013,2024-02-06 06:19:21,1161.0,52.0,very_loud,39,True
AUD143,TRIP013,2024-02-06 06:21:02,1262.0,97.0,conversation,0,False
AUD118,TRIP013,2024-02-06 06:29:29,1769.0,89.0,loud,0,False
AUD158,TRIP014,2024-02-06 06:17:07,1027.0,89.0,loud,0,False
AUD238,TRIP014,2024-02-06 06:18:09,1089.0,74.0,normal,0,False
AUD060,TRIP015,2024-02-06 06:01:26,86.0,96.0,conversation,0,False
AUD077,TRIP015,2024-02-06 06:05:53,353.0,95.0,loud,0,False
AUD111,TRIP015,2024-02-06 06:06:57,417.0,71.0,very_loud,36,True
AUD246,TRIP015,2024-02-06 06:07:59,479.0,84.0,normal,0,False
AUD206,TRIP015,2024-02-06 06:10:28,628.0,60.0,loud,0,False
AUD090,TRIP015,2024-02-06 06:15:54,954.0,93.0,very_loud,88,True
AUD163,TRIP015,2024-02-06 06:18:11,1091.0,71.0,very_loud,90,True
AUD244,TRIP015,2024-02-06 06:20:24,1224.0,93.0,argument,12,True
AUD069,TRIP015,2024-02-06 06:26:02,1562.0,54.0,very_loud,35,True
AUD123,TRIP016,2024-02-06 06:00:47,47.0,55.0,loud,0,False
AUD221,TRIP016,2024-02-06 06:03:06,186.0,82.0,loud,0,False
AUD127,TRIP016,2024-02-06 06:09:45,585.0,84.0,quiet,0,False
AUD169,TRIP016,2024-02-06 06:11:54,714.0,85.0,argument,70,True
AUD182,TRIP016,2024-02-06 06:22:12,1332.0,62.0,conversation,0,False
AUD052,TRIP016,2024-02-06 06:23:37,1417.0,81.0,conversation,0,False
AUD145,TRIP016,2024-02-06 06:24:11,1451.0,86.0,conversation,0,False
AUD146,TRIP016,2024-02-06 06:27:50,1670.0,51.0,conversation,0,False
AUD094,TRIP017,2024-02-06 06:05:13,313.0,69.0,normal,0,False
AUD248,TRIP017,2024-02-06 06:09:52,592.0,64.0,argument,147,True
AUD070,TRIP017,2024-02-06 06:12:31,751.0,75.0,conversation,0,False
AUD162,TRIP017,2024-02-06 06:12:51,771.0,70.0,normal,0,False
AUD073,TRIP017,2024-02-06 06:13:12,792.0,85.0,quiet,0,False
AUD088,TRIP017,2024-02-06 06:14:01,841.0,76.0,very_loud,18,True
AUD223,TRIP017,2024-02-06 06:14:10,850.0,79.0,very_loud,14,True
AUD215,TRIP017,2024-02-06 06:15:14,914.0,83.0,argument,92,True
AUD124,TRIP017,2024-02-06 06:15:36,936.0,65.0,normal,0,False
AUD122,TRIP017,2024-02-06 06:15:56,956.0,81.0,conversation,0,False
AUD093,TRIP017,2024-02-06 06:29:38,1778.0,53.0,quiet,0,False
AUD181,TRIP018,2024-02-06 06:05:23,323.0,76.0,argument,121,True
AUD056,TRIP018,2024-02-06 06:10:01,601.0,70.0,quiet,0,False
AUD161,TRIP018,2024-02-06 06:11:05,665.0,92.0,loud,0,False
AUD224,TRIP018,2024-02-06 06:15:46,946.0,93.0,conversation,0,False
AUD080,TRIP018,2024-02-06 06:18:30,1110.0,68.0,conversation,0,False
AUD085,TRIP018,2024-02-06 06:19:32,1172.0,73.0,loud,0,False
AUD227,TRIP019,2024-02-06 06:02:29,149.0,52.0,loud,0,False
AUD148,TRIP019,2024-02-06 06:10:30,630.0,96.0,argument,161,True
AUD144,TRIP019,2024-02-06 06:11:28,688.0,82.0,very_loud,136,True
AUD125,TRIP019,2024-02-06 06:12:02,722.0,53.0,quiet,0,False
AUD218,TRIP019,2024-02-06 06:18:19,1099.0,59.0,normal,0,False
AUD100,TRIP019,2024-02-06 06:19:49,1189.0,59.0,normal,0,False
AUD155,TRIP019,2024-02-06 06:23:54,1434.0,57.0,normal,0,False
AUD061,TRIP020,2024-02-06 06:14:50,890.0,67.0,argument,14,True
AUD105,TRIP020,2024-02-06 06:21:48,1308.0,51.0,loud,0,False
AUD242,TRIP020,2024-02-06 06:26:08,1568.0,51.0,normal,0,False
AUD082,TRIP021,2024-02-06 06:05:56,356.0,73.0,very_loud,57,True
AUD104,TRIP021,2024-02-06 06:07:11,431.0,86.0,loud,0,False
AUD071,TRIP021,2024-02-06 06:09:30,570.0,65.0,quiet,0,False
AUD107,TRIP021,2024-02-06 06:10:18,618.0,80.0,normal,0,False
AUD191,TRIP021,2024-02-06 06:18:32,1112.0,83.0,loud,0,False
AUD150,TRIP021,2024-02-06 06:26:43,1603.0,87.0,very_loud,58,True
AUD079,TRIP022,2024-02-06 06:11:51,711.0,95.0,quiet,0,False
AUD068,TRIP022,2024-02-06 06:15:21,921.0,73.0,conversation,0,False
AUD207,TRIP022,2024-02-06 06:17:09,1029.0,95.0,conversation,0,False
AUD101,TRIP022,2024-02-06 06:21:18,1278.0,96.0,very_loud,86,True
AUD214,TRIP022,2024-02-06 06:25:45,1545.0,88.0,quiet,0,False
AUD164,TRIP022,2024-02-06 06:26:21,1581.0,96.0,argument,164,True
AUD208,TRIP023,2024-02-06 06:04:00,240.0,90.0,conversation,0,False
AUD160,TRIP023,2024-02-06 06:04:42,282.0,83.0,normal,0,False
AUD195,TRIP023,2024-02-06 06:06:21,381.0,50.0,argument,86,True
AUD205,TRIP023,2024-02-06 06:08:03,483.0,53.0,argument,30,True
AUD212,TRIP023,2024-02-06 06:18:44,1124.0,80.0,very_loud,170,True
AUD168,TRIP023,2024-02-06 06:24:03,1443.0,81.0,conversation,0,False
AUD225,TRIP024,2024-02-06 06:00:44,44.0,75.0,conversation,0,False
AUD151,TRIP024,2024-02-06 06:01:45,105.0,87.0,loud,0,False
AUD236,TRIP024,2024-02-06 06:07:36,456.0,50.0,quiet,0,False
AUD174,TRIP024,2024-02-06 06:16:21,981.0,63.0,normal,0,False
AUD211,TRIP024,2024-02-06 06:20:40,1240.0,73.0,loud,0,False
AUD113,TRIP024,2024-02-06 06:29:22,1762.0,72.0,loud,0,False
AUD137,TRIP025,2024-02-06 06:04:55,295.0,62.0,very_loud,130,True
AUD130,TRIP025,2024-02-06 06:13:45,825.0,73.0,quiet,0,False
AUD231,TRIP025,2024-02-06 06:21:53,1313.0,96.0,argument,107,True
AUD066,TRIP025,2024-02-06 06:22:01,1321.0,73.0,conversation,0,False
AUD153,TRIP025,2024-02-06 06:28:42,1722.0,74.0,normal,0,False
AUD247,TRIP025,2024-02-06 06:29:28,1768.0,53.0,normal,0,False
AUD222,TRIP026,2024-02-06 06:01:53,113.0,79.0,normal,0,False
AUD054,TRIP026,2024-02-06 06:02:49,169.0,96.0,loud,0,False
AUD196,TRIP026,2024-02-06 06:10:04,604.0,86.0,argument,49,True
AUD136,TRIP026,2024-02-06 06:11:34,694.0,85.0,conversation,0,False
AUD140,TRIP026,2024-02-06 06:16:10,970.0,83.0,loud,0,False
AUD084,TRIP026,2024-02-06 06:16:51,1011.0,51.0,conversation,0,False
AUD086,TRIP026,2024-02-06 06:18:49,1129.0,58.0,very_loud,22,True
AUD165,TRIP026,2024-02-06 06:23:39,1419.0,66.0,very_loud,123,True
AUD108,TRIP026,2024-02-06 06:27:33,1653.0,93.0,loud,0,False
AUD226,TRIP027,2024-02-06 06:00:06,6.0,97.0,normal,0,False
AUD213,TRIP027,2024-02-06 06:07:27,447.0,98.0,normal,0,False
AUD198,TRIP027,2024-02-06 06:14:35,875.0,82.0,conversation,0,False
AUD175,TRIP027,2024-02-06 06:18:23,1103.0,67.0,very_loud,178,True
AUD217,TRIP027,2024-02-06 06:18:41,1121.0,82.0,normal,0,False
AUD102,TRIP027,2024-02-06 06:19:14,1154.0,52.0,quiet,0,False
AUD134,TRIP027,2024-02-06 06:21:16,1276.0,93.0,very_loud,30,True
AUD154,TRIP027,2024-02-06 06:23:14,1394.0,65.0,quiet,0,False
AUD128,TRIP028,2024-02-06 06:03:40,220.0,77.0,normal,0,False
AUD081,TRIP028,2024-02-06 06:05:22,322.0,95.0,argument,179,True
AUD159,TRIP028,2024-02-06 06:28:57,1737.0,97.0,argument,15,True
AUD192,TRIP029,2024-02-06 06:04:34,274.0,82.0,loud,0,False
AUD129,TRIP029,2024-02-06 06:09:01,541.0,96.0,conversation,0,False
AUD051,TRIP029,2024-02-06 06:13:11,791.0,71.0,normal,0,False
AUD050,TRIP029,2024-02-06 06:13:39,819.0,97.0,loud,0,False
AUD106,TRIP029,2024-02-06 06:21:24,1284.0,84.0,conversation,0,False
AUD187,TRIP030,2024-02-06 06:01:14,74.0,75.0,loud,0,False
AUD229,TRIP030,2024-02-06 06:02:21,141.0,80.0,quiet,0,False
AUD186,TRIP030,2024-02-06 06:05:58,358.0,76.0,normal,0,False
AUD201,TRIP030,2024-02-06 06:08:28,508.0,50.0,conversation,0,False
AUD190,TRIP030,2024-02-06 06:11:26,686.0,68.0,loud,0,False
AUD120,TRIP030,2024-02-06 06:19:43,1183.0,96.0,conversation,0,False
AUD184,TRIP030,2024-02-06 06:26:14,1574.0,55.0,argument,146,True
AUD053,TRIP030,2024-02-06 06:27:12,1632.0,83.0,conversation,0,False
AUD230,TRIP031,2024-02-06 13:37:00,0.0,94.02147078521122,argument,24,True
AUD231,TRIP031,2024-02-06 13:42:45,345.0,84.24801253941433,very loud,34,False
AUD232,TRIP031,2024-02-06 13:48:30,690.0,54.28014393713237,quiet,25,False
AUD233,TRIP031,2024-02-06 13:54:15,1035.0,90.2771043314206,very loud,35,True
AUD234,TRIP032,2024-02-06 14:44:00,0.0,83.8232098095816,argument,20,False
AUD235,TRIP032,2024-02-06 14:53:00,540.0,79.25335402700078,conversation,6,False
AUD236,TRIP032,2024-02-06 15:02:00,1080.0,93.62455010415319,argument,17,True
AUD237,TRIP032,2024-02-06 15:11:00,1620.0,63.918244211495164,quiet,39,False
AUD238,TRIP033,2024-02-06 15:51:00,0.0,77.98759284954791,normal,39,False
AUD239,TRIP033,2024-02-06 16:00:00,540.0,74.51660930291877,conversation,36,False
AUD240,TRIP033,2024-02-06 16:09:00,1080.0,76.25603144472669,conversation,19,False
AUD241,TRIP033,2024-02-06 16:18:00,1620.0,87.62603460208169,argument,34,True
AUD242,TRIP034,2024-02-06 16:58:00,0.0,62.55731667446509,quiet,29,False
AUD243,TRIP034,2024-02-06 17:07:00,540.0,87.43743218618835,argument,37,True
AUD244,TRIP034,2024-02-06 17:16:00,1080.0,67.32071548956284,normal,12,False
AUD245,TRIP034,2024-02-06 17:25:00,1620.0,80.23551366067352,argument,16,False
AUD246,TRIP035,2024-02-06 17:05:00,0.0,69.64633148657518,normal,15,False
AUD247,TRIP035,2024-02-06 17:12:00,420.0,80.52790953497178,very loud,39,False
AUD248,TRIP035,2024-02-06 17:19:00,840.0,89.63737902927886,argument,28,True
AUD249,TRIP035,2024-02-06 17:26:00,1260.0,60.421221199292425,quiet,7,False
AUD250,TRIP036,2024-02-06 06:12:00,0.0,83.43063315724226,argument,15,False
AUD251,TRIP036,2024-02-06 06:19:45,465.0,94.29163895304873,argument,33,True
AUD252,TRIP036,2024-02-06 06:27:30,930.0,61.933897479280425,quiet,16,False
AUD253,TRIP036,2024-02-06 06:35:15,1395.0,74.96404006707544,very loud,33,False
AUD254,TRIP037,2024-02-06 07:19:00,0.0,87.76291765666596,very loud,28,True
AUD255,TRIP037,2024-02-06 07:25:45,405.0,86.83365141637711,argument,13,True
AUD256,TRIP037,2024-02-06 07:32:30,810.0,93.21122688647878,argument,26,True
AUD257,TRIP037,2024-02-06 07:39:15,1215.0,63.864366950676306,quiet,32,False
AUD258,TRIP038,2024-02-06 08:26:00,0.0,56.54959469537181,quiet,8,False
AUD259,TRIP038,2024-02-06 08:32:15,375.0,76.11471271640679,very loud,32,False
AUD260,TRIP038,2024-02-06 08:38:30,750.0,65.22123315255524,normal,5,False
AUD261,TRIP038,2024-02-06 08:44:45,1125.0,66.48997001397822,quiet,36,False
AUD262,TRIP039,2024-02-06 09:33:00,0.0,85.256812510742,argument,27,True
AUD263,TRIP039,2024-02-06 09:42:00,540.0,82.49858653850302,very loud,11,False
AUD264,TRIP039,2024-02-06 09:51:00,1080.0,91.74309105244289,argument,24,True
AUD265,TRIP039,2024-02-06 10:00:00,1620.0,87.4793489342501,argument,23,True
AUD266,TRIP040,2024-02-06 10:40:00,0.0,49.99971728968827,quiet,34,False
AUD267,TRIP040,2024-02-06 10:47:45,465.0,84.43948822291676,normal,21,False
AUD268,TRIP040,2024-02-06 10:55:30,930.0,69.29876228868585,quiet,21,False
AUD269,TRIP040,2024-02-06 11:03:15,1395.0,55.809283970240806,quiet,20,False
AUD270,TRIP041,2024-02-06 11:47:00,0.0,71.09794904659243,quiet,11,False
AUD271,TRIP041,2024-02-06 11:53:45,405.0,91.57921291589662,argument,21,True
AUD272,TRIP041,2024-02-06 12:00:30,810.0,63.81035646288978,quiet,36,False
AUD273,TRIP041,2024-02-06 12:07:15,1215.0,82.84663296544603,very loud,14,False
AUD274,TRIP042,2024-02-06 12:54:00,0.0,88.20878630305856,very loud,21,True
AUD275,TRIP042,2024-02-06 13:00:30,390.0,78.6824134621518,conversation,7,False
AUD276,TRIP042,2024-02-06 13:07:00,780.0,96.0378765127421,argument,33,True
AUD277,TRIP042,2024-02-06 13:13:30,1170.0,63.736749238388086,normal,29,False
AUD278,TRIP043,2024-02-06 13:01:00,0.0,88.99734421583395,very loud,20,True
AUD279,TRIP043,2024-02-06 13:05:30,270.0,49.15805928989909,quiet,11,False
AUD280,TRIP043,2024-02-06 13:10:00,540.0,67.19324527648001,quiet,33,False
AUD281,TRIP043,2024-02-06 13:14:30,810.0,63.05270229945551,quiet,28,False
AUD282,TRIP044,2024-02-06 14:08:00,0.0,91.35720387997604,argument,28,True
AUD283,TRIP044,2024-02-06 14:14:00,360.0,86.2875919502182,very loud,26,True
AUD284,TRIP044,2024-02-06 14:20:00,720.0,83.13966257550311,very loud,27,False
AUD285,TRIP044,2024-02-06 14:26:00,1080.0,91.68041478031077,argument,29,True
AUD286,TRIP045,2024-02-06 15:15:00,0.0,69.64366545230789,normal,28,False
AUD287,TRIP045,2024-02-06 15:24:15,555.0,89.99260509100917,argument,25,True
AUD288,TRIP045,2024-02-06 15:33:30,1110.0,54.30652305201025,quiet,10,False
AUD289,TRIP045,2024-02-06 15:42:45,1665.0,68.52553672409258,normal,33,False
AUD290,TRIP046,2024-02-06 16:22:00,0.0,64.80606966802533,normal,34,False
AUD291,TRIP046,2024-02-06 16:26:45,285.0,64.8811078964715,normal,19,False
AUD292,TRIP046,2024-02-06 16:31:30,570.0,55.666438180639304,quiet,32,False
AUD293,TRIP046,2024-02-06 16:36:15,855.0,84.82104132715848,conversation,34,False
AUD294,TRIP047,2024-02-06 17:29:00,0.0,60.263992600174,quiet,8,False
AUD295,TRIP047,2024-02-06 17:35:45,405.0,87.91584919777908,argument,23,True
AUD296,TRIP047,2024-02-06 17:42:30,810.0,86.3828268781737,argument,38,True
AUD297,TRIP047,2024-02-06 17:49:15,1215.0,89.36365706845963,very loud,16,True
AUD298,TRIP048,2024-02-06 06:36:00,0.0,83.14410302997202,conversation,25,False
AUD299,TRIP048,2024-02-06 06:45:30,570.0,82.39844363469898,very loud,32,False
AUD300,TRIP048,2024-02-06 06:55:00,1140.0,86.5421608494007,very loud,22,True
AUD301,TRIP048,2024-02-06 07:04:30,1710.0,69.97165433826609,quiet,15,False
AUD302,TRIP049,2024-02-06 07:43:00,0.0,78.6348915270643,conversation,37,False
AUD303,TRIP049,2024-02-06 07:48:45,345.0,92.50422934867412,argument,8,True
AUD304,TRIP049,2024-02-06 07:54:30,690.0,59.99810972782051,quiet,22,False
AUD305,TRIP049,2024-02-06 08:00:15,1035.0,89.99602149902896,argument,20,True
AUD306,TRIP050,2024-02-06 08:50:00,0.0,86.55427179300396,very loud,26,True
AUD307,TRIP050,2024-02-06 08:55:30,330.0,55.57325779599208,normal,12,False
AUD308,TRIP050,2024-02-06 09:01:00,660.0,70.6887395187301,conversation,29,False
AUD309,TRIP050,2024-02-06 09:06:30,990.0,72.86307130558646,conversation,6,False
AUD310,TRIP051,2024-02-06 09:57:00,0.0,55.60913749855188,quiet,12,False
AUD311,TRIP051,2024-02-06 10:05:15,495.0,88.79810511239674,argument,7,True
AUD312,TRIP051,2024-02-06 10:13:30,990.0,85.78301629147315,very loud,11,True
AUD313,TRIP051,2024-02-06 10:21:45,1485.0,65.44129010791129,conversation,37,False
AUD314,TRIP052,2024-02-06 10:04:00,0.0,60.56288684294246,normal,30,False
AUD315,TRIP052,2024-02-06 10:09:45,345.0,94.4578605939804,very loud,30,True
AUD316,TRIP052,2024-02-06 10:15:30,690.0,77.92259455222522,conversation,35,False
AUD317,TRIP052,2024-02-06 10:21:15,1035.0,57.04154730462604,quiet,30,False
AUD318,TRIP053,2024-02-06 11:11:00,0.0,63.58684066098485,normal,15,False
AUD319,TRIP053,2024-02-06 11:19:45,525.0,63.78586891243114,normal,32,False
AUD320,TRIP053,2024-02-06 11:28:30,1050.0,53.864929451897936,quiet,5,False
AUD321,TRIP053,2024-02-06 11:37:15,1575.0,55.458056834792636,quiet,12,False
AUD322,TRIP054,2024-02-06 12:18:00,0.0,66.83977789031164,conversation,28,False
AUD323,TRIP054,2024-02-06 12:22:30,270.0,68.03701392544286,quiet,6,False
AUD324,TRIP054,2024-02-06 12:27:00,540.0,61.206135799545784,normal,19,False
AUD325,TRIP054,2024-02-06 12:31:30,810.0,59.43541297187491,quiet,20,False
AUD326,TRIP055,2024-02-06 13:25:00,0.0,60.76076592952481,normal,28,False
AUD327,TRIP055,2024-02-06 13:32:45,465.0,79.07653534229487,very loud,26,False
AUD328,TRIP055,2024-02-06 13:40:30,930.0,59.31366698921219,quiet,9,False
AUD329,TRIP055,2024-02-06 13:48:15,1395.0,58.81765070556395,normal,13,False
AUD330,TRIP056,2024-02-06 14:32:00,0.0,62.238117529136474,normal,22,False
AUD331,TRIP056,2024-02-06 14:37:30,330.0,94.69775318580177,argument,28,True
AUD332,TRIP056,2024-02-06 14:43:00,660.0,61.47621499752911,quiet,39,False
AUD333,TRIP056,2024-02-06 14:48:30,990.0,58.1910459564685,normal,11,False
AUD334,TRIP057,2024-02-06 15:39:00,0.0,82.56006016958878,argument,19,False
AUD335,TRIP057,2024-02-06 15:48:00,540.0,92.99704557955975,argument,34,True
AUD336,TRIP057,2024-02-06 15:57:00,1080.0,92.93906281836747,argument,39,True
AUD337,TRIP057,2024-02-06 16:06:00,1620.0,62.14729159717805,quiet,32,False
AUD338,TRIP058,2024-02-06 16:46:00,0.0,68.87786544471506,normal,39,False
AUD339,TRIP058,2024-02-06 16:55:15,555.0,84.98734319855896,argument,7,False
AUD340,TRIP058,2024-02-06 17:04:30,1110.0,63.32676582208111,quiet,34,False
AUD341,TRIP058,2024-02-06 17:13:45,1665.0,86.01625284310782,very loud,27,True
AUD342,TRIP059,2024-02-06 17:53:00,0.0,92.72807287843321,argument,18,True
AUD343,TRIP059,2024-02-06 18:00:30,450.0,59.91643486763378,quiet,9,False
AUD344,TRIP059,2024-02-06 18:08:00,900.0,68.97135409579059,normal,38,False
AUD345,TRIP059,2024-02-06 18:15:30,1350.0,68.2132562634736,conversation,28,False
AUD346,TRIP060,2024-02-06 06:00:00,0.0,85.76829906563862,very loud,33,True
AUD347,TRIP060,2024-02-06 06:05:15,315.0,98.63855578517123,argument,5,True
AUD348,TRIP060,2024-02-06 06:10:30,630.0,89.6025879041579,argument,33,True
AUD349,TRIP060,2024-02-06 06:15:45,945.0,52.589623262608,quiet,7,False
AUD350,TRIP061,2024-02-06 07:07:00,0.0,64.1391909453029,normal,37,False
AUD351,TRIP061,2024-02-06 07:11:45,285.0,59.318048077428294,quiet,35,False
AUD352,TRIP061,2024-02-06 07:16:30,570.0,59.17295856377035,quiet,13,False
AUD353,TRIP061,2024-02-06 07:21:15,855.0,68.31636231942684,conversation,18,False
AUD354,TRIP062,2024-02-06 08:14:00,0.0,64.51132064018356,normal,12,False
AUD355,TRIP062,2024-02-06 08:22:45,525.0,81.87575070645167,argument,8,False
AUD356,TRIP062,2024-02-06 08:31:30,1050.0,64.35737719358865,normal,38,False
AUD357,TRIP062,2024-02-06 08:40:15,1575.0,72.18128975935346,quiet,32,False
AUD358,TRIP063,2024-02-06 09:21:00,0.0,86.95773462070137,very loud,11,True
AUD359,TRIP063,2024-02-06 09:28:15,435.0,90.8973910007799,very loud,8,True
AUD360,TRIP063,2024-02-06 09:35:30,870.0,84.1795319728359,conversation,22,False
AUD361,TRIP063,2024-02-06 09:42:45,1305.0,65.52635874652108,quiet,19,False
AUD362,TRIP064,2024-02-06 10:28:00,0.0,87.21121408246945,very loud,29,True
AUD363,TRIP064,2024-02-06 10:37:15,555.0,77.3015210365318,very loud,18,False
AUD364,TRIP064,2024-02-06 10:46:30,1110.0,77.37196326289987,conversation,16,False
AUD365,TRIP064,2024-02-06 10:55:45,1665.0,74.33812108939487,conversation,11,False
AUD366,TRIP065,2024-02-06 11:35:00,0.0,71.32980532274111,normal,5,False
AUD367,TRIP065,2024-02-06 11:41:15,375.0,82.00570094131919,very loud,27,False
AUD368,TRIP065,2024-02-06 11:47:30,750.0,53.82732128836598,quiet,28,False
AUD369,TRIP065,2024-02-06 11:53:45,1125.0,87.77400358847513,very loud,26,True
AUD370,TRIP066,2024-02-06 12:42:00,0.0,74.24821810768468,conversation,19,False
AUD371,TRIP066,2024-02-06 12:47:15,315.0,58.59466078760075,quiet,35,False
AUD372,TRIP066,2024-02-06 12:52:30,630.0,94.23658756367549,very loud,37,True
AUD373,TRIP066,2024-02-06 12:57:45,945.0,78.26469402391297,conversation,5,False
AUD374,TRIP067,2024-02-06 13:49:00,0.0,88.52992828659805,argument,36,True
AUD375,TRIP067,2024-02-06 13:56:30,450.0,75.33326981275574,conversation,27,False
AUD376,TRIP067,2024-02-06 14:04:00,900.0,95.60256578241666,argument,14,True
AUD377,TRIP067,2024-02-06 14:11:30,1350.0,83.3344466824158,very loud,33,False
AUD378,TRIP068,2024-02-06 14:56:00,0.0,61.09264850439866,normal,9,False
AUD379,TRIP068,2024-02-06 15:02:15,375.0,92.57475195180953,argument,10,True
AUD380,TRIP068,2024-02-06 15:08:30,750.0,77.35779657808932,conversation,18,False
AUD381,TRIP068,2024-02-06 15:14:45,1125.0,61.92751648255639,quiet,15,False
AUD382,TRIP069,2024-02-06 15:03:00,0.0,55.41154619119411,quiet,15,False
AUD383,TRIP069,2024-02-06 15:12:30,570.0,64.2624200328215,quiet,20,False
AUD384,TRIP069,2024-02-06 15:22:00,1140.0,83.54962313657599,very loud,6,False
AUD385,TRIP069,2024-02-06 15:31:30,1710.0,91.09403082259986,argument,16,True
AUD386,TRIP070,2024-02-06 16:10:00,0.0,74.46519463897494,conversation,22,False
AUD387,TRIP070,2024-02-06 16:18:15,495.0,91.02904247427617,argument,34,True
AUD388,TRIP070,2024-02-06 16:26:30,990.0,85.64492524566695,very loud,16,True
AUD389,TRIP070,2024-02-06 16:34:45,1485.0,89.66354042678637,very loud,12,True
AUD390,TRIP071,2024-02-06 17:17:00,0.0,74.91563575897653,conversation,39,False
AUD391,TRIP071,2024-02-06 17:24:45,465.0,66.22027774836208,normal,37,False
AUD392,TRIP071,2024-02-06 17:32:30,930.0,67.12140374039073,normal,16,False
AUD393,TRIP071,2024-02-06 17:40:15,1395.0,68.61142130077661,conversation,11,False
AUD394,TRIP072,2024-02-06 06:24:00,0.0,60.280674183596034,quiet,18,False
AUD395,TRIP072,2024-02-06 06:32:30,510.0,86.19360765451184,argument,17,True
AUD396,TRIP072,2024-02-06 06:41:00,1020.0,84.9526057044758,very loud,26,False
AUD397,TRIP072,2024-02-06 06:49:30,1530.0,86.4782376882857,argument,31,True
AUD398,TRIP073,2024-02-06 07:31:00,0.0,59.15685651800862,quiet,27,False
AUD399,TRIP073,2024-02-06 07:38:00,420.0,79.24919456804592,conversation,11,False
AUD400,TRIP073,2024-02-06 07:45:00,840.0,70.93633279886775,quiet,37,False
AUD401,TRIP073,2024-02-06 07:52:00,1260.0,73.84368060044852,normal,15,False
AUD402,TRIP074,2024-02-06 08:38:00,0.0,85.38996733676525,argument,9,True
AUD403,TRIP074,2024-02-06 08:47:30,570.0,82.2017016513749,argument,13,False
AUD404,TRIP074,2024-02-06 08:57:00,1140.0,79.90890912562385,very loud,31,False
AUD405,TRIP074,2024-02-06 09:06:30,1710.0,92.5537381803464,argument,35,True
AUD406,TRIP075,2024-02-06 09:45:00,0.0,56.80407152255906,normal,33,False
AUD407,TRIP075,2024-02-06 09:51:45,405.0,74.77188613026873,conversation,30,False
AUD408,TRIP075,2024-02-06 09:58:30,810.0,76.20316709817378,conversation,13,False
AUD409,TRIP075,2024-02-06 10:05:15,1215.0,79.1355289763976,very loud,32,False
AUD410,TRIP076,2024-02-06 10:52:00,0.0,66.44369687615988,normal,7,False
AUD411,TRIP076,2024-02-06 11:01:30,570.0,65.72550217291949,quiet,31,False
AUD412,TRIP076,2024-02-06 11:11:00,1140.0,88.0900310176758,very loud,33,True
AUD413,TRIP076,2024-02-06 11:20:30,1710.0,68.83041677949312,normal,32,False
AUD414,TRIP077,2024-02-06 11:59:00,0.0,87.89680917585954,argument,5,True
AUD415,TRIP077,2024-02-06 12:07:00,480.0,56.575657889581315,normal,10,False
AUD416,TRIP077,2024-02-06 12:15:00,960.0,91.42424756948115,argument,38,True
AUD417,TRIP077,2024-02-06 12:23:00,1440.0,72.85133976402562,conversation,39,False
AUD418,TRIP078,2024-02-06 12:06:00,0.0,65.20126301675893,quiet,19,False
AUD419,TRIP078,2024-02-06 12:13:00,420.0,85.37942547640966,very loud,34,True
AUD420,TRIP078,2024-02-06 12:20:00,840.0,63.45408252302645,normal,34,False
AUD421,TRIP078,2024-02-06 12:27:00,1260.0,52.945669326239155,quiet,9,False
AUD422,TRIP079,2024-02-06 13:13:00,0.0,70.33699286603333,quiet,15,False
AUD423,TRIP079,2024-02-06 13:20:30,450.0,86.13268473169772,argument,30,True
AUD424,TRIP079,2024-02-06 13:28:00,900.0,65.34156960668459,normal,25,False
AUD425,TRIP079,2024-02-06 13:35:30,1350.0,74.6111206991829,conversation,13,False
AUD426,TRIP080,2024-02-06 14:20:00,0.0,60.83524977523124,quiet,26,False
AUD427,TRIP080,2024-02-06 14:29:30,570.0,88.99404944167792,argument,36,True
AUD428,TRIP080,2024-02-06 14:39:00,1140.0,59.261571670749,quiet,21,False
AUD429,TRIP080,2024-02-06 14:48:30,1710.0,75.9948147955101,conversation,36,False
AUD430,TRIP081,2024-02-06 15:27:00,0.0,99.63200208372626,argument,6,True
AUD431,TRIP081,2024-02-06 15:33:30,390.0,65.09094747645041,quiet,7,False
AUD432,TRIP081,2024-02-06 15:40:00,780.0,83.47379820046586,argument,11,False
AUD433,TRIP081,2024-02-06 15:46:30,1170.0,70.90912076453085,conversation,20,False
AUD434,TRIP082,2024-02-06 16:34:00,0.0,77.1346786727754,conversation,26,False
AUD435,TRIP082,2024-02-06 16:43:15,555.0,90.648892934785,argument,14,True
AUD436,TRIP082,2024-02-06 16:52:30,1110.0,59.36532504904882,quiet,26,False
AUD437,TRIP082,2024-02-06 17:01:45,1665.0,69.92772305490283,conversation,7,False
AUD438,TRIP083,2024-02-06 17:41:00,0.0,74.69062412960648,conversation,11,False
AUD439,TRIP083,2024-02-06 17:46:15,315.0,74.4420009670947,conversation,19,False
AUD440,TRIP083,2024-02-06 17:51:30,630.0,83.53665352272131,very loud,31,False
AUD441,TRIP083,2024-02-06 17:56:45,945.0,60.85474208927827,normal,38,False
AUD442,TRIP084,2024-02-06 06:48:00,0.0,85.02109415102171,very loud,10,True
AUD443,TRIP084,2024-02-06 06:56:15,495.0,64.59310750251423,normal,6,False
AUD444,TRIP084,2024-02-06 07:04:30,990.0,87.61121125589801,very loud,38,True
AUD445,TRIP084,2024-02-06 07:12:45,1485.0,75.85042302836298,conversation,6,False
AUD446,TRIP085,2024-02-06 07:55:00,0.0,61.63946289347765,quiet,20,False
AUD447,TRIP085,2024-02-06 08:01:30,390.0,61.65144643799542,normal,10,False
AUD448,TRIP085,2024-02-06 08:08:00,780.0,62.49137294648422,quiet,31,False
AUD449,TRIP085,2024-02-06 08:14:30,1170.0,74.75805122667252,conversation,35,False
AUD450,TRIP086,2024-02-06 08:02:00,0.0,94.90300884586115,very loud,7,True
AUD451,TRIP086,2024-02-06 08:11:15,555.0,59.80388836119281,normal,13,False
AUD452,TRIP086,2024-02-06 08:20:30,1110.0,93.37185457433087,argument,30,True
AUD453,TRIP086,2024-02-06 08:29:45,1665.0,66.11005486199272,quiet,18,False
AUD454,TRIP087,2024-02-06 09:09:00,0.0,58.21347643148662,quiet,18,False
AUD455,TRIP087,2024-02-06 09:14:45,345.0,67.47110543680303,normal,6,False
AUD456,TRIP087,2024-02-06 09:20:30,690.0,73.82591478300355,conversation,19,False
AUD457,TRIP087,2024-02-06 09:26:15,1035.0,89.02438371875112,argument,33,True
AUD458,TRIP088,2024-02-06 10:16:00,0.0,95.27981090767531,argument,29,True
AUD459,TRIP088,2024-02-06 10:25:15,555.0,91.47155267582455,argument,5,True
AUD460,TRIP088,2024-02-06 10:34:30,1110.0,75.4550812363688,conversation,39,False
AUD461,TRIP088,2024-02-06 10:43:45,1665.0,65.01659027907313,normal,29,False
AUD462,TRIP089,2024-02-06 11:23:00,0.0,96.05200515710924,very loud,39,True
AUD463,TRIP089,2024-02-06 11:31:00,480.0,58.318032037253374,normal,37,False
AUD464,TRIP089,2024-02-06 11:39:00,960.0,96.83975323364263,argument,34,True
AUD465,TRIP089,2024-02-06 11:47:00,1440.0,64.15823238919305,quiet,11,False
AUD466,TRIP090,2024-02-06 12:30:00,0.0,55.992031223854816,quiet,11,False
AUD467,TRIP090,2024-02-06 12:37:30,450.0,64.33517115004462,normal,39,False
AUD468,TRIP090,2024-02-06 12:45:00,900.0,74.2212815136326,conversation,28,False
AUD469,TRIP090,2024-02-06 12:52:30,1350.0,61.287714473896365,quiet,38,False
AUD470,TRIP091,2024-02-06 13:37:00,0.0,87.62698369680565,very loud,24,True
AUD471,TRIP091,2024-02-06 13:43:30,390.0,95.93828885871504,argument,14,True
AUD472,TRIP091,2024-02-06 13:50:00,780.0,55.24795360511098,quiet,12,False
AUD473,TRIP091,2024-02-06 13:56:30,1170.0,84.7423881540734,argument,22,False
AUD474,TRIP092,2024-02-06 14:44:00,0.0,66.97910511506834,quiet,16,False
AUD475,TRIP092,2024-02-06 14:52:15,495.0,82.56971997218704,very loud,23,False
AUD476,TRIP092,2024-02-06 15:00:30,990.0,56.291094676922995,quiet,20,False
AUD477,TRIP092,2024-02-06 15:08:45,1485.0,57.62708819218828,quiet,18,False
AUD478,TRIP093,2024-02-06 15:51:00,0.0,92.44237575975745,argument,33,True
AUD479,TRIP093,2024-02-06 15:55:45,285.0,72.60020389172774,conversation,30,False
AUD480,TRIP093,2024-02-06 16:00:30,570.0,51.73734753833031,quiet,36,False
AUD481,TRIP093,2024-02-06 16:05:15,855.0,67.64160746876802,normal,18,False
AUD482,TRIP094,2024-02-06 16:58:00,0.0,71.35542365205366,conversation,30,False
AUD483,TRIP094,2024-02-06 17:05:15,435.0,88.21748343087702,very loud,32,True
AUD484,TRIP094,2024-02-06 17:12:30,870.0,86.2557651435254,argument,13,True
AUD485,TRIP094,2024-02-06 17:19:45,1305.0,52.75588077522211,quiet,34,False
AUD486,TRIP095,2024-02-06 17:05:00,0.0,77.44412079662177,conversation,22,False
AUD487,TRIP095,2024-02-06 17:10:45,345.0,78.729592418913,conversation,29,False
AUD488,TRIP095,2024-02-06 17:16:30,690.0,59.388396671580814,quiet,31,False
AUD489,TRIP095,2024-02-06 17:22:15,1035.0,73.49477914102766,conversation,37,False
AUD490,TRIP096,2024-02-06 06:12:00,0.0,87.4715255519364,very loud,36,True
AUD491,TRIP096,2024-02-06 06:19:00,420.0,79.35622609795581,conversation,31,False
AUD492,TRIP096,2024-02-06 06:26:00,840.0,69.72236303000496,normal,39,False
AUD493,TRIP096,2024-02-06 06:33:00,1260.0,72.5715621517699,conversation,38,False
AUD494,TRIP097,2024-02-06 07:19:00,0.0,73.25779682626083,conversation,38,False
AUD495,TRIP097,2024-02-06 07:23:45,285.0,67.60397002315918,conversation,37,False
AUD496,TRIP097,2024-02-06 07:28:30,570.0,63.40736237948415,quiet,23,False
AUD497,TRIP097,2024-02-06 07:33:15,855.0,89.99673992284981,argument,18,True
AUD498,TRIP098,2024-02-06 08:26:00,0.0,84.03632498185321,argument,13,False
AUD499,TRIP098,2024-02-06 08:33:15,435.0,68.85039891793511,normal,38,False
AUD500,TRIP098,2024-02-06 08:40:30,870.0,85.12836993323822,argument,18,True
AUD501,TRIP098,2024-02-06 08:47:45,1305.0,86.20374142987446,argument,26,True
AUD502,TRIP099,2024-02-06 09:33:00,0.0,87.05111831107054,argument,14,True
AUD503,TRIP099,2024-02-06 09:39:30,390.0,93.89566900436223,argument,8,True
AUD504,TRIP099,2024-02-06 09:46:00,780.0,62.75188792146619,normal,14,False
AUD505,TRIP099,2024-02-06 09:52:30,1170.0,89.24746878585255,argument,8,True
AUD506,TRIP100,2024-02-06 10:40:00,0.0,67.2512899222876,normal,6,False
AUD507,TRIP100,2024-02-06 10:48:15,495.0,80.3364194429568,very loud,28,False
AUD508,TRIP100,2024-02-06 10:56:30,990.0,69.90866165233513,quiet,22,False
AUD509,TRIP100,2024-02-06 11:04:45,1485.0,75.08221936792197,conversation,31,False
AUD510,TRIP101,2024-02-06 11:47:00,0.0,58.99943581804857,normal,27,False
AUD511,TRIP101,2024-02-06 11:55:00,480.0,65.28016395266057,normal,27,False
AUD512,TRIP101,2024-02-06 12:03:00,960.0,64.19008039487139,quiet,34,False
AUD513,TRIP101,2024-02-06 12:11:00,1440.0,61.2021056751287,quiet,22,False
AUD514,TRIP102,2024-02-06 12:54:00,0.0,57.11522899649998,quiet,5,False
AUD515,TRIP102,2024-02-06 13:02:15,495.0,71.37832933855418,conversation,15,False
AUD516,TRIP102,2024-02-06 13:10:30,990.0,87.56541934882112,argument,12,True
AUD517,TRIP102,2024-02-06 13:18:45,1485.0,78.90906372375348,conversation,25,False
AUD518,TRIP103,2024-02-06 13:01:00,0.0,57.578367761664886,quiet,16,False
AUD519,TRIP103,2024-02-06 13:09:00,480.0,62.794172300659895,normal,34,False
AUD520,TRIP103,2024-02-06 13:17:00,960.0,72.8972907928991,normal,12,False
AUD521,TRIP103,2024-02-06 13:25:00,1440.0,93.12906293219726,very loud,11,True
AUD522,TRIP104,2024-02-06 14:08:00,0.0,95.43470508956612,argument,26,True
AUD523,TRIP104,2024-02-06 14:13:30,330.0,61.0971469627769,normal,31,False
AUD524,TRIP104,2024-02-06 14:19:00,660.0,91.61637704815982,argument,30,True
AUD525,TRIP104,2024-02-06 14:24:30,990.0,70.02282760522576,conversation,31,False
AUD526,TRIP105,2024-02-06 15:15:00,0.0,90.33422166371747,argument,9,True
AUD527,TRIP105,2024-02-06 15:20:45,345.0,93.85192497836117,argument,21,True
AUD528,TRIP105,2024-02-06 15:26:30,690.0,57.562298416031766,quiet,21,False
AUD529,TRIP105,2024-02-06 15:32:15,1035.0,64.60313358151978,normal,5,False
AUD530,TRIP106,2024-02-06 16:22:00,0.0,83.33633213814855,very loud,28,False
AUD531,TRIP106,2024-02-06 16:28:00,360.0,86.13020477524142,argument,14,True
AUD532,TRIP106,2024-02-06 16:34:00,720.0,92.65878148253829,argument,25,True
AUD533,TRIP106,2024-02-06 16:40:00,1080.0,87.18234255644818,argument,38,True
AUD534,TRIP107,2024-02-06 17:29:00,0.0,71.75856108248774,normal,6,False
AUD535,TRIP107,2024-02-06 17:36:45,465.0,61.44712783761117,quiet,33,False
AUD536,TRIP107,2024-02-06 17:44:30,930.0,85.34684476874057,very loud,37,True
AUD537,TRIP107,2024-02-06 17:52:15,1395.0,65.38702210160878,quiet,36,False
AUD538,TRIP108,2024-02-06 06:36:00,0.0,86.52111279769073,very loud,26,True
AUD539,TRIP108,2024-02-06 06:43:00,420.0,60.583291341865426,normal,37,False
AUD540,TRIP108,2024-02-06 06:50:00,840.0,67.44364590001882,normal,21,False
AUD541,TRIP108,2024-02-06 06:57:00,1260.0,80.7238620528055,very loud,32,False
AUD542,TRIP109,2024-02-06 07:43:00,0.0,56.38051896295213,quiet,22,False
AUD543,TRIP109,2024-02-06 07:50:00,420.0,86.19700719086201,very loud,24,True
AUD544,TRIP109,2024-02-06 07:57:00,840.0,79.57317186584469,argument,38,False
AUD545,TRIP109,2024-02-06 08:04:00,1260.0,93.94343131878222,argument,29,True
AUD546,TRIP110,2024-02-06 08:50:00,0.0,88.69981391878885,argument,26,True
AUD547,TRIP110,2024-02-06 08:58:15,495.0,86.18416927373019,very loud,28,True
AUD548,TRIP110,2024-02-06 09:06:30,990.0,91.4523763720647,argument,21,True
AUD549,TRIP110,2024-02-06 09:14:45,1485.0,73.92186822246015,conversation,6,False
AUD550,TRIP111,2024-02-06 09:57:00,0.0,71.49064514076433,conversation,20,False
AUD551,TRIP111,2024-02-06 10:01:45,285.0,95.16378651670455,argument,21,True
AUD552,TRIP111,2024-02-06 10:06:30,570.0,50.29876549113079,quiet,26,False
AUD553,TRIP111,2024-02-06 10:11:15,855.0,58.91262850604595,quiet,33,False
AUD554,TRIP112,2024-02-06 10:04:00,0.0,68.56320609156356,quiet,12,False
AUD555,TRIP112,2024-02-06 10:13:00,540.0,69.85943577550451,conversation,17,False
AUD556,TRIP112,2024-02-06 10:22:00,1080.0,58.07155016459306,normal,28,False
AUD557,TRIP112,2024-02-06 10:31:00,1620.0,61.433283001911576,quiet,32,False
AUD558,TRIP113,2024-02-06 11:11:00,0.0,70.97361920799142,normal,39,False
AUD559,TRIP113,2024-02-06 11:15:45,285.0,82.23044390096359,very loud,30,False
AUD560,TRIP113,2024-02-06 11:20:30,570.0,80.38099163903536,conversation,15,False
AUD561,TRIP113,2024-02-06 11:25:15,855.0,60.06623378073212,quiet,19,False
AUD562,TRIP114,2024-02-06 12:18:00,0.0,74.66509933182795,conversation,31,False
AUD563,TRIP114,2024-02-06 12:25:30,450.0,60.804982196107936,quiet,35,False
AUD564,TRIP114,2024-02-06 12:33:00,900.0,54.73000247201431,quiet,24,False
AUD565,TRIP114,2024-02-06 12:40:30,1350.0,85.54977306318038,very loud,32,True
AUD566,TRIP115,2024-02-06 13:25:00,0.0,85.07024778410056,very loud,29,True
AUD567,TRIP115,2024-02-06 13:29:30,270.0,67.07565080059452,normal,13,False
AUD568,TRIP115,2024-02-06 13:34:00,540.0,76.81862525238138,conversation,20,False
AUD569,TRIP115,2024-02-06 13:38:30,810.0,92.25877069807409,argument,16,True
AUD570,TRIP116,2024-02-06 14:32:00,0.0,89.23631379337299,argument,9,True
AUD571,TRIP116,2024-02-06 14:41:30,570.0,60.81230861735289,normal,12,False
AUD572,TRIP116,2024-02-06 14:51:00,1140.0,90.43512121628402,argument,23,True
AUD573,TRIP116,2024-02-06 15:00:30,1710.0,83.4796793898377,argument,38,False
AUD574,TRIP117,2024-02-06 15:39:00,0.0,73.14913231208652,conversation,20,False
AUD575,TRIP117,2024-02-06 15:46:45,465.0,84.6938226316754,very loud,28,False
AUD576,TRIP117,2024-02-06 15:54:30,930.0,51.69754902831974,quiet,15,False
AUD577,TRIP117,2024-02-06 16:02:15,1395.0,84.35021240209939,very loud,9,False
AUD578,TRIP118,2024-02-06 16:46:00,0.0,89.84528427164065,argument,32,True
AUD579,TRIP118,2024-02-06 16:53:15,435.0,91.74400638199418,argument,6,True
AUD580,TRIP118,2024-02-06 17:00:30,870.0,62.79611502928481,quiet,14,False
AUD581,TRIP118,2024-02-06 17:07:45,1305.0,92.93528662903816,argument,20,True
AUD582,TRIP119,2024-02-06 17:53:00,0.0,58.73916469124782,quiet,8,False
AUD583,TRIP119,2024-02-06 18:00:30,450.0,55.2323063320926,quiet,22,False
AUD584,TRIP119,2024-02-06 18:08:00,900.0,87.64394177679328,very loud,6,True
AUD585,TRIP119,2024-02-06 18:15:30,1350.0,71.90577089533141,conversation,11,False
AUD586,TRIP120,2024-02-06 06:00:00,0.0,73.19644372959804,conversation,15,False
AUD587,TRIP120,2024-02-06 06:07:45,465.0,95.45076446156592,argument,30,True
AUD588,TRIP120,2024-02-06 06:15:30,930.0,77.07190590456567,conversation,22,False
AUD589,TRIP120,2024-02-06 06:23:15,1395.0,88.90986476781255,very loud,6,True
AUD590,TRIP121,2024-02-06 07:07:00,0.0,81.582804279017,argument,13,False
AUD591,TRIP121,2024-02-06 07:11:45,285.0,85.67232250912306,very loud,36,True
AUD592,TRIP121,2024-02-06 07:16:30,570.0,77.40231301512114,conversation,32,False
AUD593,TRIP121,2024-02-06 07:21:15,855.0,63.243425321198586,normal,31,False
AUD594,TRIP122,2024-02-06 08:14:00,0.0,63.262142290437396,normal,5,False
AUD595,TRIP122,2024-02-06 08:19:30,330.0,74.7566813720534,conversation,23,False
AUD596,TRIP122,2024-02-06 08:25:00,660.0,67.10566533275546,normal,21,False
AUD597,TRIP122,2024-02-06 08:30:30,990.0,89.26953959188381,argument,11,True
AUD598,TRIP123,2024-02-06 09:21:00,0.0,57.402742226840985,quiet,8,False
AUD599,TRIP123,2024-02-06 09:27:45,405.0,64.95400901685859,conversation,7,False
AUD600,TRIP123,2024-02-06 09:34:30,810.0,83.03126452342761,conversation,29,False
AUD601,TRIP123,2024-02-06 09:41:15,1215.0,57.57539549506806,normal,19,False
AUD602,TRIP124,2024-02-06 10:28:00,0.0,92.21128878584926,argument,38,True
AUD603,TRIP124,2024-02-06 10:33:30,330.0,76.41546608226301,conversation,27,False
AUD604,TRIP124,2024-02-06 10:39:00,660.0,82.68901212802263,very loud,16,False
AUD605,TRIP124,2024-02-06 10:44:30,990.0,75.79084537767703,conversation,39,False
AUD606,TRIP125,2024-02-06 11:35:00,0.0,67.92538890652048,quiet,25,False
AUD607,TRIP125,2024-02-06 11:41:45,405.0,57.075811900819616,quiet,36,False
AUD608,TRIP125,2024-02-06 11:48:30,810.0,91.45695888166682,argument,39,True
AUD609,TRIP125,2024-02-06 11:55:15,1215.0,91.14346022000734,argument,11,True
AUD610,TRIP126,2024-02-06 12:42:00,0.0,72.29553126421487,conversation,9,False
AUD611,TRIP126,2024-02-06 12:47:15,315.0,88.54491791243278,very loud,28,True
AUD612,TRIP126,2024-02-06 12:52:30,630.0,74.97015507498745,conversation,24,False
AUD613,TRIP126,2024-02-06 12:57:45,945.0,69.02785627423552,normal,31,False
AUD614,TRIP127,2024-02-06 13:49:00,0.0,60.659898210167064,quiet,9,False
AUD615,TRIP127,2024-02-06 13:58:00,540.0,75.84297097806653,conversation,11,False
AUD616,TRIP127,2024-02-06 14:07:00,1080.0,86.90701767612815,very loud,21,True
AUD617,TRIP127,2024-02-06 14:16:00,1620.0,91.01380949901701,argument,16,True
AUD618,TRIP128,2024-02-06 14:56:00,0.0,60.77227289933164,quiet,10,False
AUD619,TRIP128,2024-02-06 15:04:30,510.0,85.97337759311856,argument,7,True
AUD620,TRIP128,2024-02-06 15:13:00,1020.0,61.00380062670765,normal,20,False
AUD621,TRIP128,2024-02-06 15:21:30,1530.0,65.60784525899481,quiet,21,False
AUD622,TRIP129,2024-02-06 15:03:00,0.0,81.62153436161782,conversation,5,False
AUD623,TRIP129,2024-02-06 15:10:30,450.0,86.85029870943951,argument,28,True
AUD624,TRIP129,2024-02-06 15:18:00,900.0,55.398078051551096,quiet,5,False
AUD625,TRIP129,2024-02-06 15:25:30,1350.0,83.27379567746533,very loud,10,False
AUD626,TRIP130,2024-02-06 16:10:00,0.0,65.17511340356558,quiet,8,False
AUD627,TRIP130,2024-02-06 16:19:00,540.0,85.97711624719139,argument,17,True
AUD628,TRIP130,2024-02-06 16:28:00,1080.0,91.97683319184861,very loud,20,True
AUD629,TRIP130,2024-02-06 16:37:00,1620.0,78.15163606344994,conversation,30,False
AUD630,TRIP131,2024-02-06 17:17:00,0.0,57.32887080197058,quiet,9,False
AUD631,TRIP131,2024-02-06 17:22:45,345.0,60.24693226963452,normal,13,False
AUD632,TRIP131,2024-02-06 17:28:30,690.0,73.65784365185804,conversation,23,False
AUD633,TRIP131,2024-02-06 17:34:15,1035.0,65.50034535259668,normal,21,False
AUD634,TRIP132,2024-02-06 06:24:00,0.0,79.56186848397999,conversation,10,False
AUD635,TRIP132,2024-02-06 06:29:15,315.0,79.65215144158509,conversation,33,False
AUD636,TRIP132,2024-02-06 06:34:30,630.0,54.03510765363886,quiet,11,False
AUD637,TRIP132,2024-02-06 06:39:45,945.0,73.26987647237084,normal,31,False
AUD638,TRIP133,2024-02-06 07:31:00,0.0,53.23524015722223,quiet,33,False
AUD639,TRIP133,2024-02-06 07:36:45,345.0,74.66149735904509,conversation,11,False
AUD640,TRIP133,2024-02-06 07:42:30,690.0,103.85164485921493,argument,35,True
AUD641,TRIP133,2024-02-06 07:48:15,1035.0,96.30733732952287,argument,11,True
AUD642,TRIP134,2024-02-06 08:38:00,0.0,74.22827797799214,conversation,6,False
AUD643,TRIP134,2024-02-06 08:47:15,555.0,85.71543738736402,very loud,36,True
AUD644,TRIP134,2024-02-06 08:56:30,1110.0,55.70129336845045,quiet,5,False
AUD645,TRIP134,2024-02-06 09:05:45,1665.0,62.61768069548959,quiet,8,False
AUD646,TRIP135,2024-02-06 09:45:00,0.0,81.82210000396532,very loud,9,False
AUD647,TRIP135,2024-02-06 09:52:30,450.0,82.61813220962732,conversation,33,False
AUD648,TRIP135,2024-02-06 10:00:00,900.0,81.6202196598606,very loud,11,False
AUD649,TRIP135,2024-02-06 10:07:30,1350.0,99.04821892444376,very loud,12,True
AUD650,TRIP136,2024-02-06 10:52:00,0.0,66.3530589337782,normal,13,False
AUD651,TRIP136,2024-02-06 10:57:15,315.0,72.47599758770545,conversation,10,False
AUD652,TRIP136,2024-02-06 11:02:30,630.0,72.36385939002905,conversation,24,False
AUD653,TRIP136,2024-02-06 11:07:45,945.0,63.04211162378841,normal,15,False
AUD654,TRIP137,2024-02-06 11:59:00,0.0,87.88962657852866,argument,23,True
AUD655,TRIP137,2024-02-06 12:08:30,570.0,80.66280585594295,conversation,34,False
AUD656,TRIP137,2024-02-06 12:18:00,1140.0,59.193713248106505,quiet,20,False
AUD657,TRIP137,2024-02-06 12:27:30,1710.0,71.39024923839419,conversation,37,False
AUD658,TRIP138,2024-02-06 12:06:00,0.0,60.82147530908234,normal,34,False
AUD659,TRIP138,2024-02-06 12:14:45,525.0,71.60563011547325,conversation,28,False
AUD660,TRIP138,2024-02-06 12:23:30,1050.0,66.87618620272174,normal,7,False
AUD661,TRIP138,2024-02-06 12:32:15,1575.0,82.67621386999126,conversation,29,False
AUD662,TRIP139,2024-02-06 13:13:00,0.0,84.97937925506163,very loud,39,False
AUD663,TRIP139,2024-02-06 13:20:45,465.0,89.32708832011218,very loud,25,True
AUD664,TRIP139,2024-02-06 13:28:30,930.0,91.67995242256652,argument,17,True
AUD665,TRIP139,2024-02-06 13:36:15,1395.0,95.88801723681009,very loud,27,True
AUD666,TRIP140,2024-02-06 14:20:00,0.0,66.11296619105458,quiet,9,False
AUD667,TRIP140,2024-02-06 14:28:00,480.0,69.40274169023111,normal,28,False
AUD668,TRIP140,2024-02-06 14:36:00,960.0,71.62688198533927,normal,18,False
AUD669,TRIP140,2024-02-06 14:44:00,1440.0,97.48101859145088,argument,31,True
AUD670,TRIP141,2024-02-06 15:27:00,0.0,87.22590460581601,very loud,18,True
AUD671,TRIP141,2024-02-06 15:33:15,375.0,49.80711255636288,quiet,10,False
AUD672,TRIP141,2024-02-06 15:39:30,750.0,71.8022577658529,normal,31,False
AUD673,TRIP141,2024-02-06 15:45:45,1125.0,69.2084569478346,normal,9,False
AUD674,TRIP142,2024-02-06 16:34:00,0.0,53.39084378760919,quiet,18,False
AUD675,TRIP142,2024-02-06 16:41:00,420.0,67.21567480990682,quiet,18,False
AUD676,TRIP142,2024-02-06 16:48:00,840.0,67.95897908130793,normal,31,False
AUD677,TRIP142,2024-02-06 16:55:00,1260.0,77.64889295971307,conversation,9,False
AUD678,TRIP143,2024-02-06 17:41:00,0.0,77.36162183795528,very loud,23,False
AUD679,TRIP143,2024-02-06 17:50:00,540.0,93.24560759639888,argument,10,True
AUD680,TRIP143,2024-02-06 17:59:00,1080.0,93.45294998581478,argument,34,True
AUD681,TRIP143,2024-02-06 18:08:00,1620.0,72.34145107895371,conversation,26,False
AUD682,TRIP144,2024-02-06 06:48:00,0.0,70.63555412570675,conversation,29,False
AUD683,TRIP144,2024-02-06 06:55:30,450.0,62.36542319134141,normal,13,False
AUD684,TRIP144,2024-02-06 07:03:00,900.0,60.83013113216041,normal,12,False
AUD685,TRIP144,2024-02-06 07:10:30,1350.0,88.72914225208503,argument,27,True
AUD686,TRIP145,2024-02-06 07:55:00,0.0,97.28576330082304,argument,33,True
AUD687,TRIP145,2024-02-06 08:03:15,495.0,90.99387965843233,argument,20,True
AUD688,TRIP145,2024-02-06 08:11:30,990.0,56.08105007188339,quiet,27,False
AUD689,TRIP145,2024-02-06 08:19:45,1485.0,85.82093623417602,very loud,24,True
AUD690,TRIP146,2024-02-06 08:02:00,0.0,78.87069567240928,conversation,38,False
AUD691,TRIP146,2024-02-06 08:09:00,420.0,87.00481391142476,very loud,7,True
AUD692,TRIP146,2024-02-06 08:16:00,840.0,52.21232671193442,quiet,39,False
AUD693,TRIP146,2024-02-06 08:23:00,1260.0,57.91775384501209,quiet,13,False
AUD694,TRIP147,2024-02-06 09:09:00,0.0,70.92083541090048,conversation,30,False
AUD695,TRIP147,2024-02-06 09:14:15,315.0,94.39259937709892,very loud,19,True
AUD696,TRIP147,2024-02-06 09:19:30,630.0,53.97946003231638,quiet,22,False
AUD697,TRIP147,2024-02-06 09:24:45,945.0,69.40851964294885,quiet,35,False
AUD698,TRIP148,2024-02-06 10:16:00,0.0,63.92927620858632,quiet,28,False
AUD699,TRIP148,2024-02-06 10:21:45,345.0,81.69671648264885,conversation,36,False
AUD700,TRIP148,2024-02-06 10:27:30,690.0,79.98286197705625,very loud,29,False
AUD701,TRIP148,2024-02-06 10:33:15,1035.0,58.1327608495665,quiet,17,False
AUD702,TRIP149,2024-02-06 11:23:00,0.0,88.83450262118082,argument,38,True
AUD703,TRIP149,2024-02-06 11:31:30,510.0,66.7941724840058,normal,17,False
AUD704,TRIP149,2024-02-06 11:40:00,1020.0,62.83460384900218,quiet,25,False
AUD705,TRIP149,2024-02-06 11:48:30,1530.0,90.23193002643248,argument,28,True
AUD706,TRIP150,2024-02-06 12:30:00,0.0,64.45644794933618,normal,6,False
AUD707,TRIP150,2024-02-06 12:38:00,480.0,95.03194113130672,very loud,25,True
AUD708,TRIP150,2024-02-06 12:46:00,960.0,65.55846802416019,normal,27,False
AUD709,TRIP150,2024-02-06 12:54:00,1440.0,63.10904980329344,quiet,16,False
AUD710,TRIP151,2024-02-06 13:37:00,0.0,89.87430096718184,argument,20,True
AUD711,TRIP151,2024-02-06 13:46:30,570.0,96.83667067972054,argument,25,True
AUD712,TRIP151,2024-02-06 13:56:00,1140.0,70.13405502366246,conversation,20,False
AUD713,TRIP151,2024-02-06 14:05:30,1710.0,84.98972312766423,argument,10,False
AUD714,TRIP152,2024-02-06 14:44:00,0.0,83.14257568368625,argument,39,False
AUD715,TRIP152,2024-02-06 14:50:00,360.0,95.99700472316539,argument,18,True
AUD716,TRIP152,2024-02-06 14:56:00,720.0,88.74028823347027,very loud,21,True
AUD717,TRIP152,2024-02-06 15:02:00,1080.0,85.68511105822601,very loud,38,True
AUD718,TRIP153,2024-02-06 15:51:00,0.0,91.13983664234532,very loud,26,True
AUD719,TRIP153,2024-02-06 15:57:00,360.0,64.71623614330173,quiet,24,False
AUD720,TRIP153,2024-02-06 16:03:00,720.0,59.31376349949227,quiet,12,False
AUD721,TRIP153,2024-02-06 16:09:00,1080.0,71.47324624265956,conversation,25,False
AUD722,TRIP154,2024-02-06 16:58:00,0.0,93.08641069144338,argument,33,True
AUD723,TRIP154,2024-02-06 17:04:45,405.0,64.38730057814182,quiet,35,False
AUD724,TRIP154,2024-02-06 17:11:30,810.0,80.61245949622662,very loud,22,False
AUD725,TRIP154,2024-02-06 17:18:15,1215.0,66.83727537832334,normal,31,False
AUD726,TRIP155,2024-02-06 17:05:00,0.0,58.46741001403547,quiet,36,False
AUD727,TRIP155,2024-02-06 17:11:30,390.0,80.68476870392021,conversation,10,False
AUD728,TRIP155,2024-02-06 17:18:00,780.0,58.81273281743794,quiet,10,False
AUD729,TRIP155,2024-02-06 17:24:30,1170.0,86.02214917827885,very loud,21,True
AUD730,TRIP156,2024-02-06 06:12:00,0.0,85.69445831387247,very loud,31,True
AUD731,TRIP156,2024-02-06 06:17:00,300.0,67.65952980915282,normal,33,False
AUD732,TRIP156,2024-02-06 06:22:00,600.0,87.79471451640265,very loud,39,True
AUD733,TRIP156,2024-02-06 06:27:00,900.0,59.34567432203597,normal,10,False
AUD734,TRIP157,2024-02-06 07:19:00,0.0,75.27453873778643,conversation,28,False
AUD735,TRIP157,2024-02-06 07:25:15,375.0,83.11952554676304,argument,8,False
AUD736,TRIP157,2024-02-06 07:31:30,750.0,56.9732021740369,quiet,37,False
AUD737,TRIP157,2024-02-06 07:37:45,1125.0,57.61026079218753,normal,21,False
AUD738,TRIP158,2024-02-06 08:26:00,0.0,87.87436258931864,argument,18,True
AUD739,TRIP158,2024-02-06 08:34:45,525.0,79.5382262307813,conversation,27,False
AUD740,TRIP158,2024-02-06 08:43:30,1050.0,68.89955102734339,conversation,24,False
AUD741,TRIP158,2024-02-06 08:52:15,1575.0,90.99333637093288,very loud,26,True
AUD742,TRIP159,2024-02-06 09:33:00,0.0,89.37642283433217,very loud,10,True
AUD743,TRIP159,2024-02-06 09:38:15,315.0,84.5611253926751,very loud,6,False
AUD744,TRIP159,2024-02-06 09:43:30,630.0,52.15335131001726,quiet,31,False
AUD745,TRIP159,2024-02-06 09:48:45,945.0,80.10751790657746,very loud,32,False
AUD746,TRIP160,2024-02-06 10:40:00,0.0,69.79791193940794,normal,35,False
AUD747,TRIP160,2024-02-06 10:45:15,315.0,56.57863270511641,quiet,35,False
AUD748,TRIP160,2024-02-06 10:50:30,630.0,89.89048424340496,argument,21,True
AUD749,TRIP160,2024-02-06 10:55:45,945.0,86.53108633798078,argument,17,True
AUD750,TRIP161,2024-02-06 11:47:00,0.0,92.76162040997438,argument,20,True
AUD751,TRIP161,2024-02-06 11:52:15,315.0,90.26679005220055,argument,26,True
AUD752,TRIP161,2024-02-06 11:57:30,630.0,65.57665909566137,quiet,28,False
AUD753,TRIP161,2024-02-06 12:02:45,945.0,72.230727337072,normal,38,False
AUD754,TRIP162,2024-02-06 12:54:00,0.0,57.5785181381927,quiet,22,False
AUD755,TRIP162,2024-02-06 13:00:45,405.0,62.949149828427686,normal,27,False
AUD756,TRIP162,2024-02-06 13:07:30,810.0,68.70251887646292,conversation,13,False
AUD757,TRIP162,2024-02-06 13:14:15,1215.0,81.22482861282656,conversation,6,False
AUD758,TRIP163,2024-02-06 13:01:00,0.0,65.93654132555493,normal,13,False
AUD759,TRIP163,2024-02-06 13:10:30,570.0,69.10466713842047,quiet,29,False
AUD760,TRIP163,2024-02-06 13:20:00,1140.0,63.47310624979537,normal,24,False
AUD761,TRIP163,2024-02-06 13:29:30,1710.0,84.67683717472472,argument,29,False
AUD762,TRIP164,2024-02-06 14:08:00,0.0,86.18476159397467,very loud,12,True
AUD763,TRIP164,2024-02-06 14:15:45,465.0,79.85977968906607,very loud,8,False
AUD764,TRIP164,2024-02-06 14:23:30,930.0,76.09953833623138,conversation,27,False
AUD765,TRIP164,2024-02-06 14:31:15,1395.0,80.6168997455115,conversation,20,False
AUD766,TRIP165,2024-02-06 15:15:00,0.0,84.13707748397542,argument,5,False
AUD767,TRIP165,2024-02-06 15:22:00,420.0,90.06133162635427,argument,9,True
AUD768,TRIP165,2024-02-06 15:29:00,840.0,94.68224686923723,very loud,24,True
AUD769,TRIP165,2024-02-06 15:36:00,1260.0,88.45848216591322,very loud,34,True
AUD770,TRIP166,2024-02-06 16:22:00,0.0,53.397754176287826,quiet,30,False
AUD771,TRIP166,2024-02-06 16:29:45,465.0,66.26641861349968,quiet,28,False
AUD772,TRIP166,2024-02-06 16:37:30,930.0,54.707420547030374,quiet,29,False
AUD773,TRIP166,2024-02-06 16:45:15,1395.0,61.86828378712953,quiet,11,False
AUD774,TRIP167,2024-02-06 17:29:00,0.0,89.10354212690261,very loud,38,True
AUD775,TRIP167,2024-02-06 17:36:45,465.0,80.55573956566472,very loud,15,False
AUD776,TRIP167,2024-02-06 17:44:30,930.0,97.3200875976057,argument,19,True
AUD777,TRIP167,2024-02-06 17:52:15,1395.0,80.79481634644208,argument,6,False
AUD778,TRIP168,2024-02-06 06:36:00,0.0,80.58187854318957,very loud,39,False
AUD779,TRIP168,2024-02-06 06:44:30,510.0,90.67916028374528,argument,15,True
AUD780,TRIP168,2024-02-06 06:53:00,1020.0,63.47785836178179,quiet,26,False
AUD781,TRIP168,2024-02-06 07:01:30,1530.0,92.93962265932129,argument,5,True
AUD782,TRIP169,2024-02-06 07:43:00,0.0,77.43749491338274,conversation,12,False
AUD783,TRIP169,2024-02-06 07:47:30,270.0,66.32121311761223,conversation,7,False
AUD784,TRIP169,2024-02-06 07:52:00,540.0,80.07104928168427,conversation,19,False
AUD785,TRIP169,2024-02-06 07:56:30,810.0,74.1168120801507,very loud,23,False
AUD786,TRIP170,2024-02-06 08:50:00,0.0,54.203808432866204,quiet,22,False
AUD787,TRIP170,2024-02-06 08:57:00,420.0,71.08488458494958,normal,19,False
AUD788,TRIP170,2024-02-06 09:04:00,840.0,94.30276172504689,argument,18,True
AUD789,TRIP170,2024-02-06 09:11:00,1260.0,85.7129780786658,very loud,16,True
AUD790,TRIP171,2024-02-06 09:57:00,0.0,81.19846866410184,conversation,25,False
AUD791,TRIP171,2024-02-06 10:01:45,285.0,97.28530995850757,argument,39,True
AUD792,TRIP171,2024-02-06 10:06:30,570.0,59.94147849357193,quiet,34,False
AUD793,TRIP171,2024-02-06 10:11:15,855.0,76.29887977453753,conversation,21,False
AUD794,TRIP172,2024-02-06 10:04:00,0.0,82.63045829814186,very loud,34,False
AUD795,TRIP172,2024-02-06 10:12:30,510.0,54.82402372252847,quiet,26,False
AUD796,TRIP172,2024-02-06 10:21:00,1020.0,87.775339339421,argument,23,True
AUD797,TRIP172,2024-02-06 10:29:30,1530.0,54.440158078341355,quiet,39,False
AUD798,TRIP173,2024-02-06 11:11:00,0.0,82.08482303183854,very loud,18,False
AUD799,TRIP173,2024-02-06 11:19:45,525.0,63.386199315073256,quiet,7,False
AUD800,TRIP173,2024-02-06 11:28:30,1050.0,90.07681038868736,argument,22,True
AUD801,TRIP173,2024-02-06 11:37:15,1575.0,67.25465271118351,normal,34,False
AUD802,TRIP174,2024-02-06 12:18:00,0.0,71.9855174326645,very loud,14,False
AUD803,TRIP174,2024-02-06 12:24:30,390.0,84.53132894064848,very loud,15,False
AUD804,TRIP174,2024-02-06 12:31:00,780.0,71.57260338305746,conversation,21,False
AUD805,TRIP174,2024-02-06 12:37:30,1170.0,89.3702669083323,argument,16,True
AUD806,TRIP175,2024-02-06 13:25:00,0.0,59.48421920753712,normal,28,False
AUD807,TRIP175,2024-02-06 13:31:00,360.0,80.02753479199609,very loud,31,False
AUD808,TRIP175,2024-02-06 13:37:00,720.0,58.42270826240003,quiet,31,False
AUD809,TRIP175,2024-02-06 13:43:00,1080.0,58.70160313369717,quiet,5,False
AUD810,TRIP176,2024-02-06 14:32:00,0.0,83.02329726914645,very loud,32,False
AUD811,TRIP176,2024-02-06 14:39:30,450.0,86.8679236219105,very loud,5,True
AUD812,TRIP176,2024-02-06 14:47:00,900.0,83.61362678377202,argument,14,False
AUD813,TRIP176,2024-02-06 14:54:30,1350.0,67.99846781544949,quiet,37,False
AUD814,TRIP177,2024-02-06 15:39:00,0.0,80.59636629526719,argument,12,False
AUD815,TRIP177,2024-02-06 15:46:30,450.0,69.88043441734641,normal,14,False
AUD816,TRIP177,2024-02-06 15:54:00,900.0,89.53836590461734,argument,37,True
AUD817,TRIP177,2024-02-06 16:01:30,1350.0,70.43990814631225,conversation,27,False
AUD818,TRIP178,2024-02-06 16:46:00,0.0,87.54592833648576,very loud,12,True
AUD819,TRIP178,2024-02-06 16:52:00,360.0,74.04925888502795,normal,28,False
AUD820,TRIP178,2024-02-06 16:58:00,720.0,87.2090475331682,argument,39,True
AUD821,TRIP178,2024-02-06 17:04:00,1080.0,88.54605099655414,argument,29,True
AUD822,TRIP179,2024-02-06 17:53:00,0.0,53.42652094592621,quiet,25,False
AUD823,TRIP179,2024-02-06 18:02:30,570.0,93.7300143112271,argument,25,True
AUD824,TRIP179,2024-02-06 18:12:00,1140.0,52.92748995150018,quiet,38,False
AUD825,TRIP179,2024-02-06 18:21:30,1710.0,67.599187418792,quiet,10,False
AUD826,TRIP180,2024-02-06 06:00:00,0.0,89.2223209517824,very loud,39,True
AUD827,TRIP180,2024-02-06 06:06:30,390.0,62.56513732871769,quiet,34,False
AUD828,TRIP180,2024-02-06 06:13:00,780.0,82.3984104502689,conversation,9,False
AUD829,TRIP180,2024-02-06 06:19:30,1170.0,83.48777314440706,very loud,38,False
AUD830,TRIP181,2024-02-06 07:07:00,0.0,74.43371176731594,conversation,24,False
AUD831,TRIP181,2024-02-06 07:11:45,285.0,69.12138705738624,normal,17,False
AUD832,TRIP181,2024-02-06 07:16:30,570.0,78.30310713079336,conversation,6,False
AUD833,TRIP181,2024-02-06 07:21:15,855.0,62.90146781833343,normal,14,False
AUD834,TRIP182,2024-02-06 08:14:00,0.0,76.56593584944679,conversation,19,False
AUD835,TRIP182,2024-02-06 08:18:45,285.0,57.394511724042616,quiet,39,False
AUD836,TRIP182,2024-02-06 08:23:30,570.0,77.65200804659736,conversation,18,False
AUD837,TRIP182,2024-02-06 08:28:15,855.0,79.89065587403803,argument,14,False
AUD838,TRIP183,2024-02-06 09:21:00,0.0,53.02246643478327,quiet,32,False
AUD839,TRIP183,2024-02-06 09:25:30,270.0,67.71738990173982,normal,22,False
AUD840,TRIP183,2024-02-06 09:30:00,540.0,98.66265395900044,very loud,31,True
AUD841,TRIP183,2024-02-06 09:34:30,810.0,86.70746772006166,argument,12,True
AUD842,TRIP184,2024-02-06 10:28:00,0.0,64.39521208663152,normal,28,False
AUD843,TRIP184,2024-02-06 10:37:30,570.0,64.15418708957901,quiet,28,False
AUD844,TRIP184,2024-02-06 10:47:00,1140.0,85.68875527031679,very loud,27,True
AUD845,TRIP184,2024-02-06 10:56:30,1710.0,83.7324053288314,very loud,14,False
AUD846,TRIP185,2024-02-06 11:35:00,0.0,71.2498356042364,conversation,17,False
AUD847,TRIP185,2024-02-06 11:44:00,540.0,93.40195947888579,argument,29,True
AUD848,TRIP185,2024-02-06 11:53:00,1080.0,73.69028926167478,conversation,27,False
AUD849,TRIP185,2024-02-06 12:02:00,1620.0,87.72006272775099,very loud,18,True
AUD850,TRIP186,2024-02-06 12:42:00,0.0,89.39153268645616,argument,11,True
AUD851,TRIP186,2024-02-06 12:49:00,420.0,94.0120884399808,argument,17,True
AUD852,TRIP186,2024-02-06 12:56:00,840.0,60.247379270987416,quiet,32,False
AUD853,TRIP186,2024-02-06 13:03:00,1260.0,60.11616095871768,normal,33,False
AUD854,TRIP187,2024-02-06 13:49:00,0.0,58.34726403471619,quiet,24,False
AUD855,TRIP187,2024-02-06 13:54:15,315.0,87.91097664258051,very loud,26,True
AUD856,TRIP187,2024-02-06 13:59:30,630.0,54.06955679239893,quiet,28,False
AUD857,TRIP187,2024-02-06 14:04:45,945.0,70.01976084907892,normal,10,False
AUD858,TRIP188,2024-02-06 14:56:00,0.0,54.93729957297411,quiet,21,False
AUD859,TRIP188,2024-02-06 15:03:45,465.0,88.06250470886337,very loud,17,True
AUD860,TRIP188,2024-02-06 15:11:30,930.0,81.87758279623733,very loud,36,False
AUD861,TRIP188,2024-02-06 15:19:15,1395.0,60.447101021514094,quiet,23,False
AUD862,TRIP189,2024-02-06 15:03:00,0.0,58.0585320702727,normal,5,False
AUD863,TRIP189,2024-02-06 15:11:30,510.0,58.48337922663361,quiet,25,False
AUD864,TRIP189,2024-02-06 15:20:00,1020.0,81.47754978686363,very loud,6,False
AUD865,TRIP189,2024-02-06 15:28:30,1530.0,100.82267470028886,argument,31,True
AUD866,TRIP190,2024-02-06 16:10:00,0.0,49.81650754143097,quiet,33,False
AUD867,TRIP190,2024-02-06 16:19:00,540.0,63.93196712962379,quiet,28,False
AUD868,TRIP190,2024-02-06 16:28:00,1080.0,59.76660336601124,quiet,7,False
AUD869,TRIP190,2024-02-06 16:37:00,1620.0,85.87477823072663,argument,23,True
AUD870,TRIP191,2024-02-06 17:17:00,0.0,55.90757486897931,normal,5,False
AUD871,TRIP191,2024-02-06 17:24:45,465.0,82.83913772472694,very loud,8,False
AUD872,TRIP191,2024-02-06 17:32:30,930.0,75.01587882867683,conversation,12,False
AUD873,TRIP191,2024-02-06 17:40:15,1395.0,62.64351650486616,quiet,22,False
AUD874,TRIP192,2024-02-06 06:24:00,0.0,63.99446926969468,normal,37,False
AUD875,TRIP192,2024-02-06 06:32:00,480.0,67.99490526738036,normal,28,False
AUD876,TRIP192,2024-02-06 06:40:00,960.0,66.6913020597144,normal,30,False
AUD877,TRIP192,2024-02-06 06:48:00,1440.0,61.758687780487655,quiet,34,False
AUD878,TRIP193,2024-02-06 07:31:00,0.0,67.78864476147167,quiet,33,False
AUD879,TRIP193,2024-02-06 07:37:00,360.0,61.42754632797845,quiet,25,False
AUD880,TRIP193,2024-02-06 07:43:00,720.0,73.14047801608065,very loud,34,False
AUD881,TRIP193,2024-02-06 07:49:00,1080.0,63.361465215111124,quiet,20,False
AUD882,TRIP194,2024-02-06 08:38:00,0.0,90.92199844011782,argument,36,True
AUD883,TRIP194,2024-02-06 08:43:15,315.0,67.22752363578311,quiet,35,False
AUD884,TRIP194,2024-02-06 08:48:30,630.0,91.74827299494225,argument,32,True
AUD885,TRIP194,2024-02-06 08:53:45,945.0,60.98185037043717,quiet,7,False
AUD886,TRIP195,2024-02-06 09:45:00,0.0,58.78229299432031,quiet,39,False
AUD887,TRIP195,2024-02-06 09:51:45,405.0,73.23425440057382,conversation,13,False
AUD888,TRIP195,2024-02-06 09:58:30,810.0,60.9136258734064,quiet,21,False
AUD889,TRIP195,2024-02-06 10:05:15,1215.0,61.660000235009825,quiet,37,False
AUD890,TRIP196,2024-02-06 10:52:00,0.0,81.95391122187429,very loud,23,False
AUD891,TRIP196,2024-02-06 10:58:45,405.0,64.42161450154455,normal,27,False
AUD892,TRIP196,2024-02-06 11:05:30,810.0,76.92561479204012,normal,21,False
AUD893,TRIP196,2024-02-06 11:12:15,1215.0,63.68472671130079,normal,22,False
AUD894,TRIP197,2024-02-06 11:59:00,0.0,78.7822122532298,conversation,39,False
AUD895,TRIP197,2024-02-06 12:08:00,540.0,71.15559170113802,conversation,20,False
AUD896,TRIP197,2024-02-06 12:17:00,1080.0,63.744472537214875,normal,31,False
AUD897,TRIP197,2024-02-06 12:26:00,1620.0,72.65095853511511,conversation,18,False
AUD898,TRIP198,2024-02-06 12:06:00,0.0,89.12690738330987,argument,38,True
AUD899,TRIP198,2024-02-06 12:14:15,495.0,54.69299511733318,normal,21,False
AUD900,TRIP198,2024-02-06 12:22:30,990.0,82.93210212016623,conversation,30,False
AUD901,TRIP198,2024-02-06 12:30:45,1485.0,88.07137458005175,very loud,28,True
AUD902,TRIP199,2024-02-06 13:13:00,0.0,79.76254312300851,very loud,39,False
AUD903,TRIP199,2024-02-06 13:21:15,495.0,81.18857022396865,very loud,37,False
AUD904,TRIP199,2024-02-06 13:29:30,990.0,92.46008723764263,argument,25,True
AUD905,TRIP199,2024-02-06 13:37:45,1485.0,63.95864216645732,normal,6,False
AUD906,TRIP200,2024-02-06 14:20:00,0.0,78.92825880782479,conversation,39,False
AUD907,TRIP200,2024-02-06 14:27:30,450.0,81.83934632046717,very loud,18,False
AUD908,TRIP200,2024-02-06 14:35:00,900.0,78.06763835823297,conversation,17,False
AUD909,TRIP200,2024-02-06 14:42:30,1350.0,91.38882357176215,very loud,30,True
AUD910,TRIP201,2024-02-06 15:27:00,0.0,75.07489178577457,normal,20,False
AUD911,TRIP201,2024-02-06 15:36:30,570.0,84.08232335592128,argument,20,False
AUD912,TRIP201,2024-02-06 15:46:00,1140.0,96.10138963664565,very loud,29,True
AUD913,TRIP201,2024-02-06 15:55:30,1710.0,85.17841810878073,argument,13,True
AUD914,TRIP202,2024-02-06 16:34:00,0.0,56.15557533557179,quiet,15,False
AUD915,TRIP202,2024-02-06 16:41:00,420.0,88.05187729932013,very loud,20,True
AUD916,TRIP202,2024-02-06 16:48:00,840.0,92.03099977935639,very loud,33,True
AUD917,TRIP202,2024-02-06 16:55:00,1260.0,64.59215077962168,quiet,31,False
AUD918,TRIP203,2024-02-06 17:41:00,0.0,64.58877663544084,normal,14,False
AUD919,TRIP203,2024-02-06 17:49:45,525.0,72.79021577173678,conversation,29,False
AUD920,TRIP203,2024-02-06 17:58:30,1050.0,65.90844471530603,quiet,9,False
AUD921,TRIP203,2024-02-06 18:07:15,1575.0,69.022494051079,conversation,9,False
AUD922,TRIP204,2024-02-06 06:48:00,0.0,74.07307296947455,conversation,11,False
AUD923,TRIP204,2024-02-06 06:53:45,345.0,69.59397097856595,conversation,13,False
AUD924,TRIP204,2024-02-06 06:59:30,690.0,62.445478229339315,quiet,26,False
AUD925,TRIP204,2024-02-06 07:05:15,1035.0,82.11524256812079,conversation,36,False
AUD926,TRIP205,2024-02-06 07:55:00,0.0,61.826299506780195,normal,29,False
AUD927,TRIP205,2024-02-06 08:01:45,405.0,71.85769377450212,conversation,16,False
AUD928,TRIP205,2024-02-06 08:08:30,810.0,79.59409117193667,very loud,25,False
AUD929,TRIP205,2024-02-06 08:15:15,1215.0,59.565469550907466,quiet,16,False
AUD930,TRIP206,2024-02-06 08:02:00,0.0,70.94866755367082,normal,12,False
AUD931,TRIP206,2024-02-06 08:11:15,555.0,85.20805529480567,argument,19,True
AUD932,TRIP206,2024-02-06 08:20:30,1110.0,89.03801851607138,argument,24,True
AUD933,TRIP206,2024-02-06 08:29:45,1665.0,62.03535478825955,normal,24,False
AUD934,TRIP207,2024-02-06 09:09:00,0.0,92.77827895502669,argument,12,True
AUD935,TRIP207,2024-02-06 09:17:15,495.0,59.2980303007933,normal,27,False
AUD936,TRIP207,2024-02-06 09:25:30,990.0,87.78193463253761,very loud,5,True
AUD937,TRIP207,2024-02-06 09:33:45,1485.0,89.23182284824979,argument,39,True
AUD938,TRIP208,2024-02-06 10:16:00,0.0,62.3341859564331,quiet,22,False
AUD939,TRIP208,2024-02-06 10:20:30,270.0,92.91969449487195,argument,31,True
AUD940,TRIP208,2024-02-06 10:25:00,540.0,82.41802318530857,argument,38,False
AUD941,TRIP208,2024-02-06 10:29:30,810.0,57.39015655996152,quiet,25,False
AUD942,TRIP209,2024-02-06 11:23:00,0.0,89.95294594245676,argument,18,True
AUD943,TRIP209,2024-02-06 11:32:00,540.0,79.62664436916782,very loud,9,False
AUD944,TRIP209,2024-02-06 11:41:00,1080.0,71.47788420037635,conversation,10,False
AUD945,TRIP209,2024-02-06 11:50:00,1620.0,82.09933776976864,argument,36,False
AUD946,TRIP210,2024-02-06 12:30:00,0.0,66.3550460961865,conversation,23,False
AUD947,TRIP210,2024-02-06 12:34:45,285.0,70.21478882023297,normal,22,False
AUD948,TRIP210,2024-02-06 12:39:30,570.0,78.33934887008472,conversation,11,False
AUD949,TRIP210,2024-02-06 12:44:15,855.0,60.728711338561396,quiet,23,False
AUD950,TRIP211,2024-02-06 13:37:00,0.0,73.55246526300296,conversation,19,False
AUD951,TRIP211,2024-02-06 13:41:30,270.0,61.90301317288105,normal,9,False
AUD952,TRIP211,2024-02-06 13:46:00,540.0,84.7579754444439,argument,12,False
AUD953,TRIP211,2024-02-06 13:50:30,810.0,63.16616218780162,quiet,23,False
AUD954,TRIP212,2024-02-06 14:44:00,0.0,75.4478000710286,conversation,32,False
AUD955,TRIP212,2024-02-06 14:49:15,315.0,75.96831729765199,normal,32,False
AUD956,TRIP212,2024-02-06 14:54:30,630.0,63.235545605192335,normal,36,False
AUD957,TRIP212,2024-02-06 14:59:45,945.0,80.41766393956644,argument,17,False
AUD958,TRIP213,2024-02-06 15:51:00,0.0,82.11411702441885,very loud,6,False
AUD959,TRIP213,2024-02-06 15:56:00,300.0,59.26686424165938,normal,11,False
AUD960,TRIP213,2024-02-06 16:01:00,600.0,91.75340319535687,argument,17,True
AUD961,TRIP213,2024-02-06 16:06:00,900.0,88.69676928334248,very loud,17,True
AUD962,TRIP214,2024-02-06 16:58:00,0.0,64.73533859323076,quiet,20,False
AUD963,TRIP214,2024-02-06 17:05:00,420.0,86.31037019009203,argument,16,True
AUD964,TRIP214,2024-02-06 17:12:00,840.0,92.2705033016801,argument,13,True
AUD965,TRIP214,2024-02-06 17:19:00,1260.0,95.44816931682637,argument,35,True
AUD966,TRIP215,2024-02-06 17:05:00,0.0,81.56676817086223,very loud,27,False
AUD967,TRIP215,2024-02-06 17:10:30,330.0,91.21881327648596,argument,11,True
AUD968,TRIP215,2024-02-06 17:16:00,660.0,67.54353671174475,normal,22,False
AUD969,TRIP215,2024-02-06 17:21:30,990.0,82.5941044496982,argument,34,False
AUD970,TRIP216,2024-02-06 06:12:00,0.0,73.00443340931797,conversation,15,False
AUD971,TRIP216,2024-02-06 06:16:45,285.0,91.58881434022653,argument,13,True
AUD972,TRIP216,2024-02-06 06:21:30,570.0,88.08593141593096,very loud,29,True
AUD973,TRIP216,2024-02-06 06:26:15,855.0,71.9735724403386,very loud,7,False
AUD974,TRIP217,2024-02-06 07:19:00,0.0,74.43563868786883,conversation,8,False
AUD975,TRIP217,2024-02-06 07:27:30,510.0,64.17604289840942,normal,23,False
AUD976,TRIP217,2024-02-06 07:36:00,1020.0,90.29525667960742,very loud,31,True
AUD977,TRIP217,2024-02-06 07:44:30,1530.0,75.7706289410838,very loud,28,False
AUD978,TRIP218,2024-02-06 08:26:00,0.0,83.57903568264874,conversation,16,False
AUD979,TRIP218,2024-02-06 08:34:45,525.0,70.47423587139,conversation,5,False
AUD980,TRIP218,2024-02-06 08:43:30,1050.0,58.404149264860564,quiet,37,False
AUD981,TRIP218,2024-02-06 08:52:15,1575.0,54.00241988074389,quiet,22,False
AUD982,TRIP219,2024-02-06 09:33:00,0.0,59.69973076453244,quiet,25,False
AUD983,TRIP219,2024-02-06 09:37:30,270.0,65.81115982490486,normal,32,False
AUD984,TRIP219,2024-02-06 09:42:00,540.0,83.2651763927953,conversation,19,False
AUD985,TRIP219,2024-02-06 09:46:30,810.0,88.79434649473812,argument,18,True
AUD986,TRIP220,2024-02-06 10:40:00,0.0,66.1820087695391,normal,34,False
AUD987,TRIP220,2024-02-06 10:48:45,525.0,82.83034239425565,argument,28,False
AUD988,TRIP220,2024-02-06 10:57:30,1050.0,67.72977131253293,quiet,36,False
AUD989,TRIP220,2024-02-06 11:06:15,1575.0,60.93572335893871,quiet,35,False
